No.,Ticker,Market Cap,Market_Cap,PE,Fwd_PE,PEG,PS,PB,Dividend,ROA,ROE,ROI,Curr R,Quick R,LTDebt_Eq,Debt_Eq,Gross_M,Oper_M,Profit_M,Earnings,Price,Change,Volume
1,A,36.53B,36.53,31.76,23.3,2.12,5.67,7.31,0.67%,11.50%,23.70%,14.70%,2.2,1.6,0.53,0,54.00%,21.60%,18.70%,May 24/a,125.13,2.23%,"2,583,888"
2,AAL,9.87B,9.87,,7.35,-,0.28,,,-3.50%,30.30%,-1.60%,0.8,0.7,-,-,57.90%,-4.20%,-6.80%,Apr 21/b,16.26,-2.93%,"33,865,621"
3,AAP,10.99B,10.99,19.09,11.62,1.25,1,3.63,3.30%,5.20%,18.80%,15.60%,1.2,0.3,0.33,0,44.80%,7.60%,5.60%,May 23/a,181.89,-7.23%,"1,914,604"
4,AAPL,2158.04B,2158.04,22.37,20.98,2.26,5.59,33.23,0.67%,28.90%,152.90%,50.00%,0.9,0.9,1.53,1.78,43.30%,30.90%,26.40%,Apr 28/a,137.59,0.17%,"135,982,406"
5,ABBV,268.22B,268.22,21.66,12.57,10.15,4.73,16.43,3.73%,8.50%,85.80%,17.90%,0.8,0.7,3.9,4.51,69.80%,32.70%,21.90%,Apr 29/b,151.01,-0.47%,"6,718,565"
6,ABC,31.19B,31.19,18.35,12.92,1.72,0.14,57.1,1.23%,3.00%,655.90%,24.30%,0.9,0.6,8.44,11.73,3.50%,1.10%,0.80%,May 04/b,150.18,0.54%,"2,238,221"
7,ABMD,9.89B,9.89,79.51,41.71,20.81,9.59,7.49,,9.80%,10.90%,12.50%,7,6.3,0,0,81.80%,14.10%,14.50%,Apr 28/b,235.75,-1.22%,"512,195"
8,ABT,194.83B,194.83,26.14,22.95,2.27,4.38,5.64,1.66%,10.40%,22.20%,13.50%,1.9,1.4,0.48,0.48,57.10%,20.70%,17.40%,Apr 20/b,113.24,0.71%,"4,461,898"
9,ACN,179.71B,179.71,27.88,22.83,2.2,3.17,8.53,1.40%,14.80%,32.00%,29.90%,1.2,1.2,0,0,32.30%,15.10%,11.30%,Mar 17/b,276.65,1.11%,"2,980,041"
10,ADBE,180.68B,180.68,39.64,24.78,2.78,11.19,13.71,,18.40%,34.00%,26.00%,1,1,0.26,0.3,88.00%,36.70%,29.90%,Mar 22/a,399.09,1.19%,"3,420,794"
11,ADI,81.87B,81.87,51.19,17.71,3.48,9.7,2.28,1.87%,3.50%,5.10%,3.40%,2.1,1.6,0.17,0.17,57.80%,16.30%,15.20%,May 18/b,162.44,0.93%,"3,966,192"
12,ADM,46.74B,46.74,15.51,14.15,2.11,0.52,2,1.90%,5.50%,13.70%,6.60%,1.4,0.8,0.37,0.55,7.00%,3.40%,3.40%,Apr 26/b,84,0.17%,"4,818,949"
13,ADP,86.61B,86.61,30.81,26.99,2.12,5.38,20.8,1.99%,4.80%,56.50%,29.40%,1,1,0.71,0.71,42.50%,22.70%,17.80%,Apr 27/b,208.64,0.87%,"2,640,221"
14,ADSK,39.10B,39.1,85.53,23.58,3.2,8.91,49.46,,6.20%,43.40%,15.80%,0.7,0.7,2.68,3.09,90.50%,14.10%,11.30%,May 26/a,191.41,-1.19%,"2,234,742"
15,AEE,23.79B,23.79,23.73,21.22,3.68,3.55,2.44,2.55%,2.90%,10.50%,5.00%,0.6,0.5,1.28,1.44,82.70%,20.10%,15.00%,May 06/b,92.64,0.17%,"2,039,827"
16,AEP,50.60B,50.6,19.13,18.87,3.08,2.96,2.12,3.13%,3.00%,11.70%,5.60%,0.6,0.5,1.29,1.56,68.40%,21.00%,15.40%,Apr 28/b,99.7,0.67%,"2,914,402"
17,AES,13.18B,13.18,,11.64,-,1.16,6.62,3.08%,-0.40%,-6.60%,-1.50%,1.1,0.9,8.16,9.18,22.70%,-1.30%,-1.30%,May 06/b,20.53,-0.68%,"5,687,471"
18,AFL,35.38B,35.38,9.04,10.22,2.32,1.64,1.21,2.90%,2.60%,12.50%,11.10%,-,-,0.26,0.26,-,24.30%,18.90%,Apr 27/a,55.09,-0.92%,"4,398,074"
19,AIG,43.95B,43.95,4.8,8.54,0.16,0.82,0.82,2.30%,1.60%,15.50%,11.70%,-,-,0.54,0.54,-,27.00%,18.20%,May 03/a,55.62,-3.94%,"8,945,498"
20,AIZ,9.41B,9.41,16.99,12.14,0.99,0.92,1.96,1.54%,3.70%,24.50%,9.50%,-,-,0.44,0.44,-,8.50%,13.20%,May 03/a,176.17,-2.37%,"604,654"
21,AJG,31.65B,31.65,34.01,17.77,3.27,3.73,3.6,1.32%,2.90%,11.30%,8.00%,1.1,1.1,0.64,0.69,39.20%,15.80%,11.40%,Apr 28/a,155,-0.16%,"1,037,895"
22,AKAM,15.43B,15.43,26.23,15.83,2.46,4.38,3.64,,7.60%,13.80%,11.10%,1.7,1.7,0.53,0.55,63.20%,22.00%,17.50%,May 03/a,97.51,-0.98%,"1,848,871"
23,ALB,25.83B,25.83,99.43,18.37,2.15,7.12,4.75,0.67%,2.60%,4.80%,9.50%,1.1,0.6,0.34,0.43,32.60%,26.50%,7.80%,May 04/a,236.44,-1.10%,"1,114,086"
24,ALGN,20.42B,20.42,30.98,22.02,0.72,5.06,5.91,,12.30%,19.90%,21.50%,1.3,1.2,0,0,73.60%,23.50%,17.50%,Apr 27/a,275.04,0.42%,"917,980"
25,ALK,5.62B,5.62,12.98,6.92,0.67,0.8,1.6,,3.30%,13.00%,8.20%,0.9,0.9,0.57,0.65,54.00%,9.10%,6.60%,Apr 21/b,46.1,-1.41%,"1,417,087"
26,ALL,33.66B,33.66,10.98,9.48,2.02,0.67,1.61,2.76%,3.00%,14.80%,16.50%,-,-,0.38,0.38,-,8.30%,7.00%,May 04/a,123.03,-2.19%,"2,062,126"
27,ALLE,9.44B,9.44,20.96,16.91,2.36,3.26,12.97,1.50%,15.30%,59.40%,22.20%,1.9,1.2,1.92,1.94,41.30%,17.80%,16.20%,Apr 26/b,109.08,0.25%,"696,043"
28,AMAT,89.76B,89.76,14.81,11.45,0.94,3.71,7.96,0.98%,26.20%,54.40%,33.90%,2.5,1.8,0.46,0,47.70%,31.40%,27.10%,May 19/a,106.46,-3.86%,"16,231,630"
29,AMCR,19.13B,19.13,20.79,15.16,2.71,1.36,4.3,3.71%,5.50%,20.60%,9.60%,1.4,0.8,1.59,1.6,19.70%,9.60%,6.70%,May 03/a,12.93,-0.23%,"16,415,644"
30,AMD,138.68B,138.68,34.88,18.72,1.06,7.35,2.35,,13.40%,17.60%,40.10%,2.4,2,0.03,0.03,48.50%,20.80%,18.00%,May 03/a,93.5,-3.28%,"163,679,429"
31,AME,26.96B,26.96,26.21,19.76,-,4.66,3.92,0.75%,8.80%,15.60%,11.40%,1.4,0.9,0.32,0.37,34.50%,23.60%,18.00%,May 03/b,117.36,0.56%,"1,021,940"
32,AMGN,132.93B,132.93,24.37,12.99,3.45,5.05,148.2,3.14%,9.30%,95.10%,17.10%,1.4,1.1,39.31,40.23,75.20%,30.40%,21.70%,Apr 27/a,247.5,1.12%,"3,848,258"
33,AMP,26.99B,26.99,9.83,8.58,0.37,1.96,5.81,1.95%,1.80%,55.80%,9.50%,-,-,0.9,5.34,51.10%,28.90%,22.40%,6-May,256.01,0.82%,"712,434"
34,AMT,108.03B,108.03,42.26,49.52,3.19,10.96,20.77,2.29%,4.10%,48.80%,5.90%,0.4,0.4,7.11,8.1,70.50%,30.60%,26.70%,Apr 27/b,244.28,4.73%,"2,834,298"
35,AMZN,1035.37B,1035.37,52.03,40.7,1.28,2.17,8.17,,5.40%,16.90%,9.50%,1,0.7,0.51,0.53,42.10%,4.10%,4.50%,Apr 28/a,2151.82,0.25%,"4,936,943"
36,ANET,29.61B,29.61,35.16,24.07,1.83,9.38,7.61,,16.60%,23.80%,21.00%,3.7,3.2,0,0,63.60%,31.60%,29.50%,May 02/a,102.64,1.52%,"2,697,167"
37,ANSS,20.73B,20.73,49.01,28.78,4.26,10.53,5.03,,7.50%,10.40%,8.60%,2.3,2.3,0.17,0.17,86.80%,27.70%,23.00%,May 04/a,252.15,1.67%,"458,401"
38,ANTM,118.35B,118.35,19.41,15.19,1.54,0.82,3.31,1.04%,6.40%,17.50%,11.70%,-,-,0.55,0.65,-,6.20%,4.30%,Apr 20/b,492.85,2.69%,"1,356,913"
39,AON,54.83B,54.83,41.73,17.87,2.94,4.44,54.28,0.85%,2.80%,30.60%,15.30%,1,1,7.8,8.91,-,14.80%,7.40%,Apr 29/b,262.71,-1.48%,"1,398,730"
40,AOS,8.87B,8.87,18.18,15.15,2.27,2.37,5.01,1.94%,15.30%,27.70%,24.00%,1.7,1.2,0.16,0.16,36.40%,17.50%,13.60%,Apr 28/b,57.77,-1.16%,"1,378,911"
41,APA,13.02B,13.02,5.94,4.76,0.23,1.48,,1.20%,18.80%,-268.80%,31.20%,1.2,1,-,-,68.60%,49.10%,28.10%,May 04/a,41.66,2.06%,"8,277,813"
42,APD,52.17B,52.17,24.31,20.5,2,4.58,3.78,2.73%,8.30%,16.40%,8.60%,1.9,1.8,0.48,0.53,28.10%,20.00%,19.60%,May 05/b,237.59,1.44%,"1,028,199"
43,APH,39.80B,39.8,25.72,22.43,2.62,3.48,6.37,1.17%,11.40%,27.70%,15.30%,2.5,1.7,0.76,0.77,31.40%,19.50%,14.70%,Apr 27/b,68.43,1.24%,"2,681,533"
44,APTV,23.64B,23.64,79.04,15.5,1.6,1.5,3.02,,1.70%,3.80%,7.60%,2.6,2,0.77,0.78,14.60%,5.50%,2.00%,May 05/b,93.58,-1.42%,"1,803,665"
45,ARE,25.37B,25.37,58.08,49.75,580.76,11.28,1.49,2.88%,-,-,1.60%,-,-,0.61,0.61,70.30%,-,-,Apr 25/a,159.71,1.20%,"1,594,811"
46,ATO,15.41B,15.41,20.9,18.85,2.68,4.02,1.7,2.44%,3.60%,8.80%,4.90%,1.1,1.1,0.64,0.89,63.20%,23.10%,18.90%,May 04/a,111.7,0.30%,"977,853"
47,ATVI,60.24B,60.24,24.52,19.54,2.41,7.26,3.39,0.61%,10.10%,14.40%,13.20%,5.5,5.5,0.2,0.2,73.30%,35.50%,29.80%,Apr 25/b,77.4,-0.44%,"4,862,787"
48,AVB,27.67B,27.67,25.05,43.71,9.86,11.74,2.55,3.16%,-,-,1.90%,-,-,0.73,0.73,63.20%,-,-,Apr 27/a,200.95,0.80%,"841,801"
49,AVGO,215.49B,215.49,30.94,14.05,2.1,7.56,9.74,3.02%,10.00%,31.30%,12.80%,2.4,2.2,1.71,1.72,63.00%,34.30%,26.40%,Jun 02/a,543.19,-0.55%,"4,008,831"
50,AVY,13.30B,13.3,18.84,15.41,2.64,1.53,7.01,1.82%,9.60%,39.60%,14.70%,1.1,0.7,1.44,1.69,27.10%,11.40%,8.40%,Apr 26/b,164.5,-1.98%,"694,141"
51,AWK,26.34B,26.34,20.57,30.18,2.48,6.78,3.55,1.80%,5.00%,18.20%,8.60%,0.5,0.5,1.39,1.44,-,50.50%,33.20%,Apr 27/a,145.57,0.36%,"2,019,815"
52,AXP,111.41B,111.41,15.35,13.59,0.35,2.45,5.18,1.36%,4.10%,32.90%,5.50%,-,-,1.71,5.87,67.90%,22.90%,17.10%,Apr 22/b,153.24,-0.49%,"2,969,129"
53,AZO,34.35B,34.35,16.02,14.45,1.14,2.2,,,16.80%,-109.20%,63.10%,0.8,0.1,-,-,52.50%,20.70%,15.40%,May 24/b,1771.68,-6.23%,"442,496"
54,BA,69.13B,69.13,,20.63,-,1.13,,,-3.40%,31.80%,-5.00%,1.3,0.3,-,-,3.20%,-6.50%,-8.00%,Apr 27/b,120.7,-5.07%,"18,768,159"
55,BAC,272.03B,272.03,9.65,8.64,0.63,5.53,1.15,2.48%,0.90%,12.00%,6.10%,-,-,1.13,2.16,-,95.60%,60.20%,Apr 18/b,33.86,-1.71%,"61,750,288"
56,BAX,36.68B,36.68,35.11,15.34,3,2.71,4.06,1.58%,4.00%,11.90%,5.50%,2.1,1.4,1.85,1.89,39.40%,10.50%,7.80%,May 25/b,73.23,0.87%,"1,690,225"
57,BBWI,8.78B,8.78,9.54,7.13,0.49,1.11,,2.07%,16.20%,-108.40%,43.90%,2.3,1.8,-,-,48.90%,23.00%,16.90%,May 18/a,38.69,-3.35%,"12,534,466"
58,BBY,16.47B,16.47,7.35,6.89,0.93,0.32,5.69,4.86%,13.30%,62.20%,58.00%,1,0.4,0.4,0.41,22.50%,5.90%,4.70%,May 24/b,72.36,-1.31%,"4,841,488"
59,BDX,72.29B,72.29,39.78,20.63,12.43,3.61,2.93,1.38%,3.40%,7.60%,6.00%,1.5,1,0.72,0.76,45.80%,12.20%,9.10%,May 05/b,252.3,0.46%,"906,782"
60,BEN,12.61B,12.61,6.92,7.39,-,1.46,1.1,4.50%,7.40%,16.20%,8.30%,-,-,0.74,0,-,23.40%,21.10%,May 03/b,25.8,2.75%,"3,299,610"
61,BF-B,28.85B,28.85,37.47,33.25,5.35,7.7,11.96,1.20%,12.40%,29.90%,18.90%,3.5,1.8,0.82,0.92,60.40%,30.00%,21.50%,Mar 03/b,62.91,1.60%,"1,447,071"
62,BIIB,28.54B,28.54,20.46,12.42,-,2.64,2.61,,6.10%,13.40%,15.30%,2,1.7,0.56,0.65,78.00%,22.90%,13.40%,May 03/b,199.65,3.40%,"968,464"
63,BIO,15.15B,15.15,,33.51,-,5.23,1.54,,-0.60%,-0.80%,-5.10%,5.1,4.2,0.12,0.12,56.80%,18.40%,-3.50%,Apr 28/a,522.2,-0.21%,"217,050"
64,BK,34.83B,34.83,10.85,8.25,1.41,12.07,0.96,3.11%,0.70%,8.80%,3.00%,-,-,0.69,0.69,-,97.30%,-,Apr 18/b,43.77,1.04%,"4,996,397"
65,BKNG,83.96B,83.96,171.12,16.09,3.28,6.71,19.8,,2.20%,10.00%,11.40%,1.7,1.7,1.93,2.23,-,21.90%,4.20%,May 04/a,2115.9,0.59%,"428,210"
66,BKR,33.14B,33.14,105.66,19.68,2.08,1.61,1.99,2.08%,0.90%,1.80%,2.90%,1.6,1.2,0.41,0.41,20.20%,6.90%,1.50%,Apr 20/b,34.55,-1.20%,"8,992,787"
67,BLK,88.76B,88.76,15.09,13.56,2.05,4.51,2.43,3.25%,3.80%,16.60%,12.10%,-,-,0.2,0,81.70%,39.00%,31.20%,Apr 13/b,600.44,1.24%,"1,192,150"
68,BLL,22.51B,22.51,28.62,17.07,1.83,1.7,6.09,1.15%,-,-,-,-,-,-,-,-,-,-,May 05/b,69.49,0.00%,0
69,BMY,163.28B,163.28,27.06,9.36,6.1,3.48,5.18,2.84%,5.80%,17.70%,9.40%,1.3,1.2,1.19,1.42,79.60%,19.00%,13.30%,Apr 29/b,76.19,0.30%,"16,791,566"
70,BR,15.95B,15.95,29.82,19.68,2.53,2.89,8.91,1.84%,6.80%,30.90%,9.30%,1.3,1.3,2.29,0,27.70%,12.70%,10.00%,May 03/b,138.98,0.70%,"381,873"
71,BRK-B,738.84B,738.84,,23.83,-,2.75,0,,-,-,-,-,-,-,-,-,-,-,May 02/b,304.05,-0.03%,"5,505,259"
72,BRO,15.03B,15.03,25.51,21.21,1.93,4.79,3.51,0.75%,-,-,10.30%,1.8,1.8,0.81,0.82,-,-,-,Apr 25/a,55,0.53%,"5,441,914"
73,BSX,54.84B,54.84,74.7,19.48,7.27,4.51,3.35,,2.40%,4.60%,4.50%,1.2,0.8,0.54,0.56,68.60%,10.60%,6.20%,Apr 27/b,39.22,-0.68%,"12,397,590"
74,BWA,8.73B,8.73,13.6,7.4,0.72,0.59,1.29,1.78%,4.00%,9.80%,8.90%,1.7,1.3,0.6,0.61,19.00%,7.50%,4.60%,May 04/b,38.15,-1.83%,"1,972,307"
75,BXP,16.25B,16.25,30.09,29.64,4.3,5.55,2.82,3.73%,-,-,4.90%,-,-,2.27,2.27,63.70%,-,-,May 02/a,105.23,0.14%,"1,100,402"
76,C,94.42B,94.42,5.87,6.88,-,1.85,0.55,4.10%,0.70%,9.40%,9.30%,-,-,1.42,0,-,87.20%,33.60%,Apr 14/b,49.75,-0.06%,"28,890,409"
77,CAG,15.13B,15.13,14.73,12.54,17.03,1.33,1.74,3.94%,4.60%,12.00%,9.30%,0.8,0.3,0.92,1.04,25.20%,13.10%,9.10%,Apr 07/b,31.72,-0.06%,"6,180,264"
78,CAH,15.03B,15.03,,9.99,-,0.08,,3.55%,-2.20%,-109.60%,9.30%,1.1,0.5,-,-,3.60%,-0.30%,-0.50%,May 05/b,55.8,-0.05%,"2,252,542"
79,CARR,31.33B,31.33,12.59,14.66,1.05,1.52,4.56,1.58%,10.40%,38.60%,11.80%,1.7,1.3,1.17,1.21,28.70%,18.50%,12.90%,Apr 28/b,37.96,1.47%,"5,520,799"
80,CAT,104.84B,104.84,16.69,13.68,0.67,1.99,6.2,2.24%,7.90%,38.80%,9.40%,1.4,0.9,1.48,2.2,29.80%,13.10%,12.30%,Apr 28/b,197.82,-4.32%,"5,387,151"
81,CB,85.98B,85.98,10.86,12,0.78,2.11,1.53,1.57%,4.10%,13.90%,8.70%,-,-,0.26,0.29,-,19.20%,20.20%,Apr 26/a,204,0.06%,"1,933,003"
82,CBOE,11.12B,11.12,22.9,16.55,5.01,3.21,3.2,1.80%,6.70%,14.20%,11.70%,1.3,1.3,0.45,0,44.20%,24.20%,14.40%,Apr 29/b,106.94,1.31%,"626,432"
83,CBRE,25.02B,25.02,13.65,11.75,1.24,0.86,3.14,,9.60%,24.10%,9.30%,1.2,1.2,0.19,0.36,22.40%,6.00%,6.70%,May 05/b,78.97,-1.18%,"2,396,900"
84,CCI,76.91B,76.91,54.24,43.72,4.17,11.66,9.82,3.23%,3.70%,17.40%,6.40%,0.7,0.7,2.62,2.63,69.10%,32.50%,22.10%,Apr 20/a,182.2,2.14%,"1,497,586"
85,CCL,13.78B,13.78,,9.01,-,3.93,1.45,,-17.50%,-68.30%,-17.10%,0.7,0.7,2.9,3.38,-9.20%,-,-,Mar 22/b,13.13,-3.31%,"45,307,253"
86,CDAY,7.96B,7.96,,83.73,-,7.35,4.02,,-1.00%,-3.80%,-2.20%,1,1,0.57,0.57,36.20%,-9.40%,-7.70%,May 04/a,56.6,1.71%,"1,617,681"
87,CDNS,38.55B,38.55,54.74,33.08,3.22,12.22,14.47,,17.40%,28.00%,22.90%,1.8,1.7,0.13,0,89.80%,28.30%,23.60%,Apr 25/a,146.6,1.93%,"2,906,977"
88,CDW,21.32B,21.32,22.13,15.22,1.69,0.97,24.2,1.25%,9.00%,115.50%,15.10%,1.3,1.1,7.29,7.39,17.70%,6.90%,4.60%,May 04/b,160.2,-1.08%,"745,114"
89,CE,15.92B,15.92,7.98,8.91,-,1.72,3.54,1.80%,17.50%,50.10%,19.80%,1.6,1,0.68,0.87,31.70%,23.20%,22.30%,Apr 28/a,150.73,0.47%,"996,527"
90,CEG,18.12B,18.12,,13.59,-,0.92,1.67,1.00%,-,-,-2.90%,1.4,1.2,0.41,0.52,38.10%,-,-,May 12/b,56.65,-1.01%,"2,259,846"
91,CERN,27.62B,27.62,47.32,22.89,3.56,4.76,7.05,1.15%,7.80%,15.30%,10.20%,1.8,1.8,0.41,0.41,82.50%,12.80%,10.20%,May 03/b,93.93,0.01%,"2,213,967"
92,CF,18.98B,18.98,12.36,7.94,-,2.27,4.99,1.67%,13.20%,49.30%,21.10%,1.7,1.5,0.74,0.87,45.40%,37.20%,19.70%,May 04/a,95.79,-4.54%,"3,352,674"
93,CFG,18.63B,18.63,8,7.23,-,3.84,0.79,4.13%,1.10%,9.60%,15.00%,-,-,0.25,0.29,-,99.20%,41.50%,Apr 19/b,37.75,0.13%,"5,526,557"
94,CHD,21.44B,21.44,27.22,25.94,3.66,4.09,6.33,1.18%,10.60%,24.00%,15.10%,0.7,0.3,0.47,0.71,43.20%,20.10%,15.50%,Apr 28/b,88.75,0.60%,"1,663,176"
95,CHRW,13.21B,13.21,14.38,16.3,1.99,0.53,6.35,2.16%,13.90%,47.20%,22.30%,1.5,1.5,0.76,1.06,13.40%,4.80%,3.70%,Apr 27/a,101.92,0.72%,"1,530,935"
96,CHTR,90.54B,90.54,17.35,13.32,0.56,1.73,6.78,,3.50%,32.30%,8.80%,0.4,0.4,7.52,7.9,45.10%,21.20%,9.60%,Apr 29/b,479.03,0.94%,"1,285,412"
97,CI,82.60B,82.6,16.09,10.29,1.43,0.47,1.79,1.73%,3.50%,11.40%,8.20%,-,-,0.67,0.72,-,4.50%,3.00%,May 06/b,259.49,1.02%,"1,619,647"
98,CINF,19.34B,19.34,9.68,21,0.67,2.24,1.62,2.26%,6.80%,16.80%,21.40%,-,-,0.07,0.07,-,30.10%,23.80%,Apr 28/a,121.98,-0.56%,"809,977"
99,CL,62.27B,62.27,31.12,22.36,7.57,3.56,197.71,2.50%,13.10%,411.90%,32.90%,1.1,0.7,23.64,23.7,59.00%,18.20%,11.70%,May 18/b,75.13,0.01%,"6,920,983"
100,CLX,16.89B,16.89,37.5,25.08,-,2.38,42.55,3.36%,7.30%,122.80%,22.40%,0.7,0.4,4.72,7.21,35.80%,8.10%,6.40%,May 02/a,138.3,0.11%,"1,656,435"
101,CMA,9.53B,9.53,10.08,7.91,-,4.99,1.44,3.72%,1.10%,13.50%,18.50%,-,-,0.4,0.4,-,-,51.20%,Apr 20/b,73.08,0.38%,"1,649,531"
102,CMCSA,187.80B,187.8,13.53,10.36,1,1.56,2,2.57%,5.20%,15.10%,7.90%,0.9,0.9,1.03,1.05,66.60%,17.80%,12.00%,Apr 28/b,42.01,-0.02%,"24,247,601"
103,CME,67.64B,67.64,25.13,22.75,3.3,14.14,2.48,2.08%,1.40%,10.10%,7.50%,1,1,0.13,0.13,-,66.50%,57.40%,Apr 27/b,192.11,1.03%,"2,589,876"
104,CMG,35.16B,35.16,53.8,30.46,1.97,4.49,17.01,,10.50%,30.70%,28.10%,1.3,1.3,0,0,27.70%,10.70%,8.70%,Apr 26/a,1294.11,1.70%,"344,946"
105,CMI,27.61B,27.61,14.68,9.71,1.8,1.14,3.33,2.94%,8.30%,23.70%,16.80%,1.7,1.1,0.42,0.49,23.60%,10.30%,8.00%,May 03/b,197.31,-2.26%,"814,566"
106,CMS,19.72B,19.72,27.39,22.05,3.23,2.56,3,2.67%,4.60%,21.90%,5.40%,1.4,1.1,1.82,1.88,64.30%,15.20%,17.60%,May 03/b,68.83,-0.55%,"2,136,335"
107,CNC,49.03B,49.03,33.7,13.5,3.17,0.37,1.82,,1.90%,5.60%,3.40%,-,-,0.69,0.7,-,1.70%,1.10%,Apr 26/b,84.96,2.81%,"2,546,773"
108,CNP,18.85B,18.85,21.24,20.56,-,2.2,2.1,2.22%,4.30%,19.10%,4.90%,0.9,0.8,1.32,1.52,-,19.80%,18.40%,May 03/b,30.58,-0.26%,"4,087,233"
109,COF,43.80B,43.8,4.47,5.89,-,1.67,0.91,2.11%,2.60%,19.80%,22.90%,-,-,0.87,0.87,-,95.80%,42.00%,Apr 26/a,113.7,0.33%,"2,577,646"
110,COO,16.30B,16.3,18.11,21.51,1.81,5.38,2.43,0.02%,9.40%,14.00%,35.10%,1,0.7,0.34,0.47,66.80%,16.60%,31.00%,Jun 02/a,341.21,0.75%,"359,276"
111,COP,131.47B,131.47,10.81,9.62,0.71,2.45,2.78,1.75%,14.40%,28.10%,10.80%,1.5,1.4,0.36,0.38,51.20%,32.90%,23.90%,May 05/b,105.02,0.39%,"6,699,415"
112,COST,180.46B,180.46,33.57,28.79,2.86,0.86,9.51,0.86%,9.00%,30.70%,19.60%,1,0.5,0.34,0.34,12.70%,3.50%,2.60%,May 26/a,416.43,-1.54%,"5,100,029"
113,CPB,13.74B,13.74,15.09,16.04,17.99,1.65,4.15,3.22%,7.80%,28.90%,14.80%,0.9,0.5,1.36,1.5,31.50%,16.60%,11.10%,Mar 09/b,46.03,-0.07%,"3,399,695"
114,CPRT,25.68B,25.68,24.76,23.81,1.11,8.13,6.5,,23.10%,29.80%,24.20%,5.2,5.1,0.1,0,48.30%,41.40%,34.50%,May 18/a,112.11,1.09%,"1,561,474"
115,CPT,14.59B,14.59,41.77,55.24,11.6,12.29,3.46,2.71%,-,-,1.70%,-,-,0.78,0.87,61.40%,-,-,Apr 28/a,138.64,0.46%,"1,772,163"
116,CRL,11.36B,11.36,28.35,17.35,1.93,3.13,4.51,,6.10%,17.10%,10.20%,1.3,1.1,1.03,1.03,37.60%,17.60%,11.60%,May 04/b,232.64,0.38%,"366,083"
117,CRM,152.45B,152.45,106.36,27.65,7.03,5.75,2.71,,1.70%,2.70%,0.60%,1,1,0.18,0,73.50%,1.90%,5.50%,May 31/a,159.65,2.60%,"9,021,516"
118,CSCO,173.81B,173.81,15.36,11.56,2.15,3.37,4.55,3.54%,12.40%,28.90%,19.20%,1.4,1.3,0.23,0.29,63.30%,27.10%,22.90%,May 18/a,42.94,2.92%,"45,854,329"
119,CSX,66.41B,66.41,17.57,15.62,1.26,5.06,5.13,1.29%,9.80%,29.50%,14.80%,1.5,1.3,1.22,1.24,74.20%,44.00%,30.00%,Apr 20/a,30.94,0.00%,"21,811,047"
120,CTAS,36.34B,36.34,32.1,29.49,2.7,4.77,11.41,1.05%,15.70%,36.60%,19.40%,1,0.8,0.41,0.87,46.60%,20.70%,16.60%,Mar 23/b,363.62,1.34%,"455,455"
121,CTLT,17.37B,17.37,36.07,24.08,2.29,3.69,3.89,,4.90%,11.40%,9.50%,2.9,2.2,0.9,0.9,33.80%,16.10%,10.40%,May 03/b,100.19,0.46%,"836,081"
122,CTRA,24.14B,24.14,14.42,8.89,0.35,5.17,2.12,1.96%,13.20%,23.30%,8.20%,1.6,1.5,0.26,0.27,78.60%,46.90%,35.10%,May 02/a,30.69,0.89%,"9,037,456"
123,CTSH,37.00B,37,17,14.05,1.62,1.95,3.1,1.52%,12.70%,18.80%,16.80%,2.2,2.2,0.05,0.05,36.90%,15.20%,11.60%,May 04/a,70.83,0.73%,"2,921,933"
124,CTVA,41.77B,41.77,24.63,20.04,1.4,2.6,1.68,0.95%,4.10%,6.80%,2.00%,1.6,1.1,0.04,0.08,40.80%,7.90%,10.70%,May 04/a,59.23,0.39%,"9,420,702"
125,CTXS,12.65B,12.65,45.29,17.19,6.97,3.87,18.73,1.49%,4.10%,58.30%,9.70%,0.7,0.7,4.86,5.01,80.90%,7.40%,8.50%,-,99.27,-0.19%,"712,200"
126,CVS,125.47B,125.47,15.78,10.6,2.75,0.42,1.69,2.32%,3.40%,10.80%,7.80%,0.9,0.6,0.71,0.76,39.80%,4.20%,2.70%,May 04/b,94.93,1.92%,"5,086,902"
127,CVX,323.53B,323.53,15.78,12.02,0.89,1.83,2.22,3.38%,8.40%,14.80%,6.70%,1.4,1.2,0.2,0.2,40.90%,12.90%,11.60%,Apr 29/b,167.82,0.58%,"9,594,878"
128,CZR,9.73B,9.73,,18.62,-,0.97,2.36,,-3.00%,-23.90%,4.90%,1.1,1.1,5.84,5.85,44.60%,11.40%,-11.30%,May 03/a,50.11,3.04%,"4,762,650"
129,D,66.39B,66.39,29.55,18.79,4.55,4.62,2.6,3.23%,2.90%,11.70%,3.90%,0.8,0.6,1.42,1.62,99.50%,21.70%,20.30%,May 05/b,82.54,0.40%,"3,464,892"
130,DAL,23.70B,23.7,48.97,6.27,3.68,0.68,8.22,,0.70%,19.20%,4.70%,0.7,0.6,8.17,8.54,40.80%,6.30%,1.50%,Apr 13/b,38.64,-1.53%,"10,561,762"
131,DD,32.02B,32.02,23.37,15.6,1.7,2.01,1.25,2.07%,3.40%,5.90%,5.90%,2.8,2.4,0.41,0.42,34.80%,14.50%,9.80%,May 03/b,63.85,-0.73%,"3,860,816"
132,DE,95.15B,95.15,17.37,11.95,1.15,2.14,5.41,1.34%,7.00%,33.70%,10.20%,-,-,1.84,2.66,32.70%,18.30%,12.70%,May 20/b,313.31,-14.07%,"8,800,130"
133,DFS,28.18B,28.18,6.12,7.01,0.11,2.62,2.39,2.31%,4.60%,40.90%,23.60%,-,-,1.17,1.38,-,83.10%,46.60%,Apr 27/a,103.82,-0.25%,"1,790,420"
134,DG,42.83B,42.83,18.45,15.01,1.7,1.25,6.92,1.17%,9.30%,38.60%,24.50%,1.1,0.1,0.67,0,31.60%,9.40%,7.00%,May 26/b,187.6,-6.82%,"4,558,021"
135,DGX,16.52B,16.52,9.4,16.74,-,1.55,2.63,1.87%,14.00%,29.90%,16.90%,1.5,1.3,0.62,0.63,38.80%,20.90%,17.50%,Apr 21/b,141.03,0.69%,"1,702,932"
136,DHI,23.86B,23.86,4.92,3.97,0.5,0.78,1.45,1.31%,20.60%,32.90%,20.60%,-,-,0.24,0.33,30.30%,21.40%,16.50%,Apr 26/b,68.75,3.35%,"2,820,170"
137,DHR,176.00B,176,29.56,23.11,2.67,5.81,4.19,0.40%,7.70%,15.30%,9.60%,1.7,1.3,0.51,0.51,60.80%,24.90%,20.80%,Apr 21/b,251.8,1.00%,"2,418,281"
138,DIS,181.31B,181.31,69.25,18.11,1.66,2.37,2.06,,1.30%,3.00%,2.20%,1.1,1,0.51,0.57,33.80%,7.40%,3.50%,May 11/a,102.42,-0.70%,"15,561,736"
139,DISH,10.56B,10.56,5.98,11.89,-,0.6,0.69,,5.00%,14.60%,6.60%,0.7,0.6,1.12,1.34,33.60%,16.30%,12.50%,May 06/b,20.78,1.32%,"4,537,418"
140,DLR,36.16B,36.16,27.19,81.33,1.12,8.1,2.2,3.72%,3.80%,8.10%,2.00%,-,-,0.85,0.85,61.80%,13.20%,30.70%,Apr 28/a,131.1,2.69%,"1,566,877"
141,DLTR,28.75B,28.75,22.15,14.28,1.15,1.09,3.73,,6.30%,18.10%,13.50%,1.3,0.3,0.44,0,29.40%,6.90%,5.00%,May 26/b,127.88,-5.67%,"4,914,022"
142,DOV,18.64B,18.64,17.01,13.96,1.31,2.3,4.35,1.53%,11.10%,27.70%,16.50%,1.4,0.9,0.69,0.71,37.10%,18.20%,13.80%,Apr 21/b,130.78,0.96%,"1,763,296"
143,DOW,49.21B,49.21,7.42,8.92,-,0.84,2.65,4.11%,11.00%,39.70%,17.30%,1.7,1.1,0.75,0.77,20.30%,13.90%,11.70%,Apr 21/b,68.11,-0.95%,"5,205,174"
144,DPZ,11.84B,11.84,26.12,22.56,2.61,2.7,,1.29%,28.30%,-11.60%,77.30%,1.4,1.3,-,-,38.00%,17.30%,11.00%,Apr 28/b,341.69,1.56%,"589,345"
145,DRE,19.07B,19.07,19,54.57,3.17,17.42,3.13,2.20%,10.00%,17.30%,9.60%,-,-,0.59,0.59,72.50%,-,93.30%,Apr 27/a,50.91,-0.31%,"3,270,691"
146,DRI,14.06B,14.06,14.61,14.08,0.5,1.51,6.46,3.78%,9.90%,40.00%,16.10%,0.7,0.6,0.8,0.81,21.40%,12.30%,11.20%,Mar 24/b,116.25,-0.36%,"1,738,032"
147,DTE,24.73B,24.73,31.61,20.54,9.08,1.57,2.8,2.75%,-,-,4.60%,0.6,0.5,1.76,2.09,-,-,-,Apr 28/b,128.72,-0.08%,"1,693,969"
148,DUK,84.21B,84.21,23.08,19.01,3.89,3.23,1.78,3.59%,2.20%,7.80%,4.50%,0.7,0.5,1.31,1.46,71.10%,19.90%,14.10%,May 09/b,109.83,0.81%,"3,367,497"
149,DVA,9.20B,9.2,11.24,9.1,0.83,0.79,10.78,,5.20%,89.70%,15.40%,1.3,1.2,10.3,10.52,30.70%,14.60%,7.80%,May 05/a,94.43,0.19%,"739,873"
150,DVN,43.40B,43.4,13.1,8.73,0.71,3.11,4.93,7.27%,16.90%,39.50%,19.70%,1.3,1.3,0.72,0.72,49.80%,31.80%,25.40%,May 02/a,69.92,0.59%,"12,926,616"
151,DXC,6.86B,6.86,,6.96,-,0.41,1.55,,-2.90%,-12.50%,1.20%,1.1,1.1,0.89,1.04,21.40%,-1.70%,-3.70%,May 25/a,29.6,-0.13%,"2,273,465"
152,DXCM,29.33B,29.33,157.08,69.17,5.07,11.4,14.26,,4.40%,10.10%,6.00%,5.3,4.8,0.93,0.93,68.50%,10.10%,8.20%,Apr 28/a,321.23,1.62%,"818,358"
153,EA,35.60B,35.6,58.85,16.02,4.53,5.47,4.86,0.58%,5.90%,10.10%,8.90%,1.2,1.2,0.25,0,73.00%,16.70%,12.10%,May 10/a,130.76,0.57%,"4,709,487"
154,EBAY,24.55B,24.55,,10.02,-,2.39,3.69,1.99%,42.10%,114.20%,14.70%,1.5,1.5,0.93,1.18,73.40%,27.00%,-,May 04/a,44.31,-0.69%,"7,410,238"
155,ECL,44.92B,44.92,41.59,26.08,3.1,3.43,6.45,1.28%,5.60%,15.90%,7.90%,1.3,0.8,1.17,1.24,40.10%,11.30%,8.40%,Apr 26/b,159.49,1.17%,"1,006,189"
156,ED,33.57B,33.57,22.14,19.78,4.29,2.39,1.66,3.30%,2.40%,7.60%,4.90%,1,0.9,1.11,1.19,80.60%,17.70%,10.90%,May 05/a,95.81,1.04%,"2,393,152"
157,EFX,23.14B,23.14,31.47,20.64,2.27,4.56,6.2,0.80%,7.10%,21.20%,10.60%,0.5,0.5,1.17,1.52,59.60%,22.90%,15.10%,Apr 20/a,194.61,1.80%,"765,117"
158,EIX,24.87B,24.87,42.87,13.59,9.53,1.56,1.82,4.25%,0.80%,4.40%,3.90%,0.6,0.6,1.82,2.05,65.00%,8.40%,3.80%,May 03/a,65.85,0.00%,"1,882,749"
159,EL,81.46B,81.46,25.92,29.23,2.09,4.5,13.86,1.01%,15.40%,54.80%,18.60%,1.8,1.2,0.84,0.89,76.50%,18.40%,18.50%,May 03/b,237.21,0.78%,"1,745,775"
160,EMN,12.88B,12.88,16.79,9.64,2.01,1.2,2.23,2.98%,5.10%,13.80%,9.80%,1.6,1,0.74,0.91,22.70%,11.40%,7.60%,Apr 28/a,101.96,-1.19%,"1,039,556"
161,EMR,49.13B,49.13,17.48,15.34,1.75,2.6,4.69,2.46%,10.90%,28.70%,15.00%,1.7,1.4,0.78,1.04,41.00%,17.40%,15.20%,May 04/b,83.64,0.41%,"3,110,645"
162,ENPH,20.29B,20.29,144.92,39.87,6.99,13.34,68.39,,7.60%,33.20%,12.50%,3.4,3.2,3.62,3.88,40.00%,14.20%,10.90%,Apr 26/a,168.25,1.64%,"2,497,261"
163,EOG,69.32B,69.32,16.29,8.74,1.66,3.67,3.3,2.46%,11.60%,20.30%,17.70%,1.4,1.3,0.18,0.24,61.50%,30.30%,23.20%,May 06/b,122.05,0.29%,"3,551,422"
164,EPAM,16.89B,16.89,40.97,24.74,2.2,4.07,7.15,,14.00%,19.30%,19.40%,3.3,3.3,0.01,0.02,33.80%,13.60%,11.10%,May 05/b,320.39,-2.02%,"1,486,280"
165,EQIX,56.63B,56.63,120.41,71.13,4.21,8.36,5.41,1.90%,1.80%,4.60%,3.60%,1.9,1.9,1.25,1.27,47.00%,14.40%,7.30%,Apr 27/a,651.79,2.63%,"585,585"
166,EQR,27.52B,27.52,20.72,52.16,3.19,10.92,2.58,3.38%,6.50%,12.60%,8.60%,-,-,0.75,0.76,62.00%,67.10%,53.30%,Apr 26/a,74.02,0.93%,"2,250,747"
167,ES,31.02B,31.02,24.03,20.68,3.65,2.93,2.1,2.82%,2.70%,8.90%,4.70%,0.6,0.6,1.24,1.41,-,19.60%,12.30%,May 05/b,90.37,1.04%,"1,482,497"
168,ESS,18.18B,18.18,46.74,43.39,5.92,12.39,3.09,3.12%,3.10%,6.60%,-,-,-,1.01,1.01,69.30%,29.00%,26.80%,Apr 26/a,282.07,0.17%,"1,081,005"
169,ETN,53.68B,53.68,24.3,15.99,1.56,2.71,3.22,2.42%,6.30%,13.80%,9.20%,1,0.6,0.41,0.58,32.40%,15.70%,11.20%,May 03/b,134.14,-1.43%,"4,656,806"
170,ETR,23.59B,23.59,22.36,17.32,3.71,2,2.03,3.45%,1.80%,9.30%,4.30%,0.7,0.5,2.24,2.44,88.70%,16.20%,9.00%,Apr 27/b,116.98,1.13%,"1,606,091"
171,ETSY,9.50B,9.5,26.44,19.99,0.63,4.03,14.73,,12.10%,73.60%,16.00%,2.7,2.7,3.52,3.53,71.00%,16.90%,18.50%,May 04/a,78.34,-1.14%,"4,865,216"
172,EVRG,15.29B,15.29,19.14,17.88,3.86,2.94,1.68,3.40%,2.90%,8.80%,6.00%,0.5,0.3,1,1.25,-,24.80%,15.60%,May 05/b,67.43,1.09%,"1,144,319"
173,EW,56.17B,56.17,38.66,33.09,2.98,10.49,10.03,,18.80%,27.50%,23.20%,3.4,2.6,0.1,0.1,76.60%,32.60%,28.70%,Apr 26/a,94.32,-0.05%,"2,943,308"
174,EXC,45.35B,45.35,18.68,19.46,1.17,1.43,1.97,2.86%,2.10%,8.40%,3.10%,0.9,0.9,1.51,1.68,60.20%,11.80%,8.20%,May 09/b,47.15,-0.42%,"6,159,512"
175,EXPD,17.62B,17.62,12.21,17.64,-,0.98,4.59,1.27%,20.60%,42.60%,40.20%,1.9,1.9,0,0,25.90%,11.00%,8.20%,May 03/b,105.44,1.69%,"1,399,450"
176,EXPE,19.06B,19.06,99.35,12.26,4.36,1.99,9.37,,0.90%,12.60%,3.90%,0.9,0.9,3.71,3.71,83.50%,9.10%,2.20%,May 02/a,124.59,-1.56%,"3,609,711"
177,EXR,22.47B,22.47,27.76,27.11,4.63,13.52,7.16,3.50%,8.20%,26.90%,10.50%,-,-,1.87,1.87,75.40%,58.40%,49.80%,May 03/a,171.38,1.02%,"582,051"
178,F,46.30B,46.3,4.39,5.74,0.06,0.34,1.11,3.20%,4.60%,28.10%,1.60%,1.2,1,1.94,3.01,11.30%,1.30%,8.60%,Apr 27/a,12.5,-2.72%,"77,700,242"
179,FANG,22.02B,22.02,8.57,6.08,0.54,2.74,1.82,2.15%,12.00%,23.20%,17.50%,0.7,0.7,0.46,0.46,82.00%,62.60%,34.20%,May 02/a,130.28,0.35%,"3,048,662"
180,FAST,29.36B,29.36,30.19,25.31,4.77,4.66,9.42,2.41%,22.90%,32.70%,27.20%,4.1,1.9,0.11,0.12,46.50%,20.60%,15.60%,Apr 13/b,51.45,0.21%,"3,187,276"
181,FB,504.32B,504.32,14.65,13.7,1.94,4.21,4.28,,22.30%,28.70%,31.00%,2.8,2.8,0,0,80.30%,36.70%,31.20%,Apr 27/a,193.54,1.18%,"31,279,945"
182,FBHS,8.61B,8.61,11.9,9.43,1.46,1.1,3.06,1.68%,9.80%,25.70%,14.90%,2.2,1.2,1.16,1.16,35.70%,14.00%,9.90%,Apr 28/a,66.77,0.50%,"1,427,895"
183,FCX,51.57B,51.57,10.53,12.03,-,2.1,3.55,0.83%,10.80%,37.60%,25.90%,2.4,1.7,0.56,0.65,41.20%,39.20%,20.70%,Apr 21/b,36.31,-1.12%,"21,179,539"
184,FDS,13.62B,13.62,33.55,25.05,2.22,8.17,11.34,0.98%,18.50%,38.40%,25.50%,3.7,3.7,0.47,0.47,51.50%,29.00%,25.20%,Mar 24/b,364.57,1.15%,"640,565"
185,FDX,51.31B,51.31,11.07,8.88,0.57,0.56,2.14,1.49%,6.20%,20.90%,8.30%,1.4,1.3,0.83,0.84,69.40%,6.20%,5.60%,Mar 17/a,200.9,0.93%,"2,244,477"
186,FE,24.02B,24.02,19.64,16.51,-,2.11,2.76,3.68%,2.80%,15.30%,5.50%,0.5,0.5,2.48,2.65,72.60%,18.50%,10.80%,Apr 21/a,42.37,0.83%,"4,025,049"
187,FFIV,9.15B,9.15,27.55,13.83,2.15,3.44,3.95,,7.00%,15.00%,12.40%,1,1,0,0.15,80.80%,15.50%,13.20%,Apr 26/a,156.28,0.62%,"868,008"
188,FIS,59.27B,59.27,67.81,11.91,4.84,4.19,1.3,1.89%,1.10%,1.90%,0.60%,0.7,0.7,0.3,0.41,37.70%,5.70%,6.40%,May 03/b,99.68,2.58%,"3,187,918"
189,FISV,60.11B,60.11,37.37,12.86,2.42,3.62,1.99,,2.20%,5.40%,3.70%,1,1,0.66,0.67,50.70%,16.00%,10.20%,Apr 27/b,95.59,1.27%,"2,847,613"
190,FITB,24.32B,24.32,10.21,8.56,1.82,4.68,1.36,3.37%,1.20%,12.40%,15.00%,-,-,0.6,0.6,-,95.20%,47.30%,Apr 19/b,35.64,-0.03%,"4,500,142"
191,FLT,17.22B,17.22,21.79,13,1.32,5.71,6.19,,6.50%,28.10%,10.80%,1,1,1.52,2.18,-,42.40%,29.00%,May 05/a,231.08,2.34%,"627,225"
192,FMC,14.75B,14.75,18.34,13.66,2.29,2.84,4.92,1.78%,7.10%,24.80%,15.40%,1.4,1,0.89,1.23,42.90%,20.90%,14.60%,May 02/a,119.43,-1.61%,"881,222"
193,FOX,18.16B,18.16,10.46,13.17,1.14,1.37,1.54,1.55%,-,-,-,-,-,-,-,-,-,-,May 10/b,30.94,0.49%,"997,984"
194,FOXA,17.81B,17.81,16.77,9.11,2.07,1.29,1.69,1.43%,5.10%,10.20%,12.40%,3.7,3.4,0.64,0.64,34.60%,17.40%,8.30%,May 10/b,33.46,0.39%,"2,483,778"
195,FRC,25.77B,25.77,18.41,14.79,1.28,5.66,2.11,0.75%,0.80%,11.20%,26.40%,-,-,0.14,0.14,-,83.90%,28.40%,Apr 13/b,144.9,0.55%,"1,106,556"
196,FRT,8.45B,8.45,33.57,43.5,5.01,8.88,3.5,3.91%,3.30%,10.70%,6.00%,-,-,1.7,1.7,66.70%,41.50%,26.50%,May 05/b,109.4,-1.63%,"461,922"
197,FTNT,43.37B,43.37,74.47,46.54,3.58,12.09,211.32,,11.00%,80.60%,35.90%,1.3,1.2,4.54,0,75.50%,19.00%,17.80%,May 04/a,285.28,3.68%,"2,279,224"
198,FTV,20.54B,20.54,32.12,16.98,0.85,3.82,2.19,0.48%,4.20%,6.90%,5.40%,1,0.7,0.29,0.39,57.50%,16.00%,12.00%,Apr 28/b,58.27,-0.53%,"2,745,626"
199,GD,58.55B,58.55,18.28,15.11,1.56,1.52,3.28,2.36%,6.40%,19.70%,12.00%,1.5,1.1,0.58,0.64,16.80%,10.70%,8.50%,Apr 27/b,213.5,-1.97%,"1,979,570"
200,GE,80.87B,80.87,,15.67,-,1.09,2.12,0.43%,-2.30%,-13.30%,-5.80%,1.2,0.9,0.73,0.86,25.20%,-7.60%,-6.70%,Apr 26/b,75.25,-0.65%,"7,311,316"
201,GILD,80.22B,80.22,17.83,10.04,-,2.92,4.02,4.57%,6.80%,22.00%,16.40%,1.5,1.3,1.26,1.32,75.70%,26.30%,16.40%,Apr 28/a,63.84,0.90%,"6,790,835"
202,GIS,39.86B,39.86,17.88,16.88,4.14,2.14,4.14,3.04%,7.20%,23.90%,12.00%,0.7,0.5,1.12,1.25,33.40%,16.80%,12.40%,Mar 23/b,67.01,1.33%,"4,793,883"
203,GL,9.13B,9.13,13.07,10.2,0.89,1.77,1.35,0.89%,2.50%,8.90%,7.80%,-,-,0.22,0.3,-,18.90%,14.20%,Apr 20/a,93.56,-0.34%,"477,131"
204,GLW,27.72B,27.72,26.55,12.52,1.24,1.92,2.25,3.26%,3.60%,8.90%,8.40%,1.6,1,0.55,0.56,35.90%,15.10%,7.50%,Apr 26/b,33.13,-1.16%,"6,025,890"
205,GM,48.04B,48.04,5.88,5.2,2.03,0.37,0.83,,3.60%,15.50%,3.90%,1.1,0.9,1.24,1.77,13.40%,6.30%,6.80%,Apr 26/a,35.4,-1.99%,"23,994,127"
206,GNRC,13.32B,13.32,28.25,15.93,2.1,3.28,6.07,,11.30%,25.30%,18.30%,1.7,0.7,0.43,0.47,34.40%,16.90%,12.40%,May 04/b,220.84,-1.27%,"1,058,414"
207,GOOG,1500.79B,1500.79,21.06,19.47,1,6.27,5.94,,-,-,-,-,-,-,-,-,-,-,Apr 26/a,2186.26,-1.29%,"1,859,887"
208,GOOGL,1396.55B,1396.55,19.7,16.42,1.15,5.17,5.66,,21.30%,30.20%,24.00%,2.9,2.8,0.06,0.06,56.90%,30.50%,27.60%,Apr 26/a,2178.16,-1.34%,"2,427,455"
209,GPC,17.92B,17.92,19.9,15.45,4.33,0.91,5.07,2.79%,6.30%,27.50%,14.70%,1.2,0.6,0.94,0.98,35.10%,6.20%,4.70%,Apr 21/b,128.54,-2.62%,"995,406"
210,GPN,33.14B,33.14,34.96,10.99,1.95,3.81,1.37,0.82%,2.20%,3.90%,3.20%,1.1,1.1,0.47,0.49,56.20%,16.80%,11.70%,May 02/b,122.1,1.35%,"1,100,128"
211,GRMN,19.08B,19.08,18.11,15.06,2.6,3.75,3.11,2.90%,14.10%,18.00%,17.90%,3.5,2.4,0,0,57.30%,23.60%,21.10%,Apr 27/b,100.65,-0.13%,"1,241,958"
212,GS,102.77B,102.77,5.95,7.54,-,1.71,1.03,2.61%,1.20%,18.60%,2.20%,-,-,2.56,8.9,83.10%,38.90%,30.40%,Apr 14/b,306.8,-0.45%,"2,184,105"
213,GWW,23.34B,23.34,20.56,15.88,1.42,1.72,11.41,1.48%,17.70%,61.20%,27.80%,2.5,1.4,1.12,0,36.90%,12.70%,8.60%,Apr 28/b,464.54,-0.52%,"270,612"
214,HAL,31.69B,31.69,21.2,13.72,0.35,1.96,4.7,1.31%,7.20%,25.00%,12.60%,2.2,1.6,1.22,0,13.50%,11.80%,9.60%,Apr 19/b,36.7,1.77%,"9,673,834"
215,HAS,11.48B,11.48,28.43,14.47,1.61,1.77,3.87,3.31%,3.70%,12.50%,8.60%,1.6,1.3,1.23,1.31,60.20%,11.40%,5.80%,Apr 19/b,84.7,-2.37%,"2,947,520"
216,HBAN,18.49B,18.49,17.98,8.55,-,4.09,1.15,4.76%,0.60%,6.30%,15.70%,-,-,0.39,0.39,-,92.20%,24.00%,Apr 21/b,13.02,-0.69%,"13,996,559"
217,HCA,60.19B,60.19,9.63,10.66,1.31,1.01,,1.09%,13.60%,-640.00%,22.50%,1.4,1.2,-,-,84.00%,16.00%,11.40%,Apr 22/b,204.78,0.81%,"1,475,042"
218,HD,290.42B,290.42,18.51,16.64,1.27,1.92,,2.65%,22.80%,-,46.20%,1,0.2,-,-,33.60%,15.20%,10.90%,May 17/b,287.19,-0.20%,"5,566,194"
219,HES,33.46B,33.46,48.6,11.43,0.71,4.24,5.55,1.32%,3.70%,12.20%,8.40%,1.4,1.3,1.29,1.29,69.70%,26.30%,9.20%,Apr 27/b,113.34,-0.08%,"1,726,912"
220,HIG,21.82B,21.82,9.18,8.2,0.75,0.97,1.43,2.31%,3.40%,14.80%,11.60%,-,-,0.28,0.32,-,15.00%,11.30%,Apr 28/a,66.79,-0.96%,"4,054,272"
221,HII,7.92B,7.92,14.84,10.92,1.09,0.81,2.8,2.39%,5.40%,21.70%,7.10%,1.2,1.1,1.13,1.13,14.00%,5.10%,5.50%,May 05/b,197.76,-1.48%,"286,749"
222,HLT,35.16B,35.16,50.24,22.8,1.04,5.3,,0.46%,4.80%,-71.90%,9.90%,0.9,0.9,-,-,41.40%,20.50%,11.00%,May 03/b,130.28,-1.09%,"2,663,655"
223,HOLX,18.88B,18.88,12.8,21.29,7.53,3.5,4.08,,17.10%,35.70%,27.10%,3,2.6,0.59,0.65,64.20%,37.70%,28.80%,Jun 07/b,77.75,-0.47%,"1,729,502"
224,HON,128.76B,128.76,25.21,19.44,2.38,3.75,7.07,2.07%,8.20%,28.90%,14.70%,1.2,0.9,0.69,1.05,31.90%,20.00%,15.30%,Apr 29/b,189.75,-1.51%,"3,865,351"
225,HPE,18.03B,18.03,5.08,6.39,0.83,0.65,0.91,3.39%,6.60%,20.10%,10.00%,0.9,0.7,0.51,0.69,33.80%,13.20%,13.30%,Jun 01/a,14.16,-5.85%,"24,161,126"
226,HPQ,35.57B,35.57,6.16,7.9,1.76,0.55,,2.89%,17.70%,-231.20%,112.70%,0.7,0.4,-,-,20.80%,11.80%,10.10%,May 31/a,34.65,-3.02%,"14,457,816"
227,HRL,25.86B,25.86,28.54,23,3.36,2.16,3.69,2.15%,7.80%,13.40%,8.80%,2.2,1.2,0.47,0.47,16.80%,9.80%,7.70%,Jun 02/b,48.26,0.94%,"2,126,625"
228,HSIC,11.69B,11.69,18.15,16.06,2.4,0.92,3.19,,7.70%,18.70%,15.20%,1.8,0.9,0.22,0.24,29.70%,6.80%,5.10%,May 03/b,83.45,0.70%,"780,785"
229,HST,12.83B,12.83,52.13,20.56,1.84,3.6,2.04,1.29%,2.10%,4.00%,-1.60%,-,-,0.65,0.65,-,0.40%,7.20%,May 04/a,18.61,-4.32%,"10,485,121"
230,HSY,41.92B,41.92,26.58,23.9,2.8,4.49,10.4,1.74%,16.40%,61.70%,20.70%,1,0.6,1.4,1.7,45.50%,22.40%,17.30%,Apr 28/b,206.98,0.91%,"1,316,950"
231,HUM,54.35B,54.35,18.65,15.9,1.33,0.63,3.64,0.72%,7.00%,19.40%,9.20%,-,-,0.74,0.87,-,3.70%,3.50%,Apr 27/b,439.62,1.76%,"644,452"
232,HWM,13.47B,13.47,46.57,17.97,1.83,2.65,4.08,0.24%,3.00%,8.80%,7.00%,2.2,1,1.24,1.24,27.80%,12.60%,6.00%,May 03/b,33.16,-0.87%,"2,839,047"
233,IBM,114.95B,114.95,22.99,12.31,1.77,1.97,6.07,5.14%,-,-,6.50%,0.9,0.9,2.44,2.85,54.50%,-,-,Apr 19/a,128.48,-0.91%,"6,890,171"
234,ICE,52.96B,52.96,13.55,16.55,1.69,5.76,2.42,1.56%,2.40%,18.50%,8.80%,1,1,0.55,0.63,78.80%,53.80%,44.20%,May 05/b,97.62,1.79%,"3,223,637"
235,IDXX,30.04B,30.04,43.69,35.42,4.28,9.18,49.11,,29.90%,103.80%,48.00%,1.1,0.8,1.21,1.83,58.60%,28.50%,22.40%,May 04/b,372.23,2.03%,"768,208"
236,IEX,13.97B,13.97,29.74,22.62,2.48,4.88,4.87,1.29%,9.80%,17.20%,12.70%,3.6,2.7,0.41,0,44.50%,23.40%,16.60%,Apr 26/a,185.49,1.26%,"1,338,966"
237,IFF,31.95B,31.95,59.25,20.2,16.01,2.57,1.57,2.45%,1.40%,2.60%,1.60%,1.9,1.2,0.51,0.56,33.20%,7.40%,4.50%,May 09/a,128.93,-0.06%,"822,242"
238,ILMN,35.61B,35.61,53.11,46.91,37.93,7.65,3.51,,5.20%,7.50%,-2.00%,1.8,1.5,0.11,0.16,68.80%,-2.90%,15.00%,May 05/a,243.49,1.14%,"969,196"
239,INCY,16.72B,16.72,17.82,16.15,1.19,5.37,4.29,,20.60%,27.20%,25.30%,3.7,3.7,0.01,0.01,95.40%,19.40%,30.00%,May 03/b,74.88,0.73%,"1,287,087"
240,INTC,167.34B,167.34,6.93,11.54,2.11,2.15,1.65,3.51%,14.80%,26.30%,13.20%,2.1,1.7,0.32,0.36,54.30%,27.30%,31.70%,Apr 28/a,41.65,-0.86%,"44,526,312"
241,INTU,99.01B,99.01,46.92,26.7,2.81,8.67,6.67,0.74%,12.00%,19.20%,16.90%,1.2,1.2,0.43,0,82.10%,22.50%,19.00%,May 24/a,367.78,1.50%,"1,908,195"
242,IP,17.52B,17.52,15.16,9.72,0.79,0.88,2,3.90%,-,-,5.30%,1.7,1.3,0.62,0.64,28.40%,-,-,Apr 28/b,47.48,-0.71%,"3,927,545"
243,IPG,11.76B,11.76,11.99,10.65,2.14,1.11,3.47,3.78%,5.60%,30.80%,16.80%,1,1,0.83,0.85,17.50%,13.50%,9.70%,Apr 28/b,30.67,-0.13%,"3,140,886"
244,IPGP,5.11B,5.11,19.18,18.08,4.46,3.44,1.95,,9.00%,10.30%,10.00%,8.2,6.4,0.01,0.01,47.40%,25.10%,18.80%,May 03/b,100.09,1.77%,"802,574"
245,IQV,37.07B,37.07,36.39,17.37,2.4,2.64,6.38,,3.20%,13.00%,6.60%,0.9,0.9,1.99,2.01,34.00%,8.50%,5.50%,Apr 27/b,201.83,0.04%,"859,686"
246,IR,17.95B,17.95,35.04,17.05,1.97,3.35,2.04,0.18%,4.90%,8.40%,4.60%,2.9,2.2,0.38,0.38,38.50%,11.10%,14.10%,May 04/a,44.95,1.51%,"3,337,915"
247,IRM,14.26B,14.26,32.26,27.57,5.01,3.06,18.96,5.00%,3.00%,47.90%,6.60%,0.9,0.9,13.48,13.6,69.40%,19.40%,9.60%,Apr 28/b,49.49,1.77%,"3,036,361"
248,ISRG,74.42B,74.42,48.82,37.73,5.03,12.6,6.49,,12.50%,14.20%,13.90%,5.2,4.6,0,0,68.80%,30.70%,27.80%,Apr 21/a,219.07,0.43%,"1,810,992"
249,IT,19.51B,19.51,26.43,27.96,1.44,3.99,173.64,,11.20%,237.40%,26.10%,0.7,0.7,20.78,20.83,69.60%,18.50%,16.40%,May 03/b,250.04,0.56%,"630,059"
250,ITW,62.83B,62.83,23.72,20.16,2.33,4.23,17.61,2.42%,16.90%,75.50%,25.20%,1.7,1.2,1.9,2.19,40.70%,23.30%,18.10%,May 03/b,201.77,0.48%,"1,173,058"
251,IVZ,8.18B,8.18,6.52,6.51,4.87,1.19,0.75,4.04%,4.10%,11.80%,6.00%,-,-,0.81,0.81,68.80%,26.50%,19.30%,Apr 26/b,18.57,3.05%,"4,189,198"
252,J,17.11B,17.11,47.09,16.65,3.42,1.19,2.89,0.68%,2.50%,6.20%,5.10%,1.2,1.2,0.53,0.53,23.00%,6.00%,2.60%,May 03/b,135.94,1.62%,"651,264"
253,JBHT,16.85B,16.85,20.39,16.39,0.89,1.29,5.3,0.97%,12.90%,28.40%,18.30%,1.3,-,0.29,0.4,16.90%,9.00%,6.60%,Apr 18/a,164.38,2.34%,"1,057,589"
254,JCI,34.74B,34.74,29.63,13.7,1.7,1.41,2.16,2.74%,2.90%,7.10%,7.70%,1,0.8,0.45,0.58,33.40%,9.60%,5.00%,May 04/b,51.11,-1.50%,"4,147,298"
255,JKHY,13.08B,13.08,36.77,34,2.63,6.85,9.82,1.09%,15.70%,27.00%,22.00%,1.5,1.5,0.17,0.17,41.50%,24.50%,18.80%,May 03/a,179.12,0.56%,"400,590"
256,JNJ,468.39B,468.39,23.84,16.21,5.15,4.94,6.23,2.55%,11.10%,27.50%,19.40%,1.4,1.1,0.39,0.44,68.00%,22.40%,20.90%,Apr 19/b,176.98,1.75%,"7,498,869"
257,JNPR,9.09B,9.09,28.19,12.65,2.03,1.88,2.18,2.91%,3.90%,7.80%,4.50%,1.6,1.5,0.39,0,57.40%,8.70%,7.00%,Apr 26/a,28.87,0.24%,"5,237,925"
258,JPM,341.59B,341.59,8.71,9.36,1.21,5.78,1.38,3.41%,1.10%,15.90%,6.30%,-,-,1.16,1.16,-,96.30%,68.50%,Apr 13/b,117.34,-0.82%,"13,095,510"
259,K,22.86B,22.86,15.09,15.77,5.88,1.6,6.07,3.42%,8.40%,42.90%,11.80%,0.7,0.4,1.57,1.92,30.70%,12.60%,10.80%,May 05/b,67.74,-0.38%,"4,208,054"
260,KEY,17.00B,17,7.44,7.42,14.05,3.9,1.26,4.26%,1.30%,15.50%,14.00%,-,-,0.81,0.81,-,99.10%,53.80%,Apr 21/b,18.32,-0.22%,"9,843,846"
261,KEYS,23.96B,23.96,26.95,18.1,2.64,4.78,6.62,,12.30%,25.50%,17.30%,3,2.4,0.47,0.47,63.20%,22.70%,19.00%,May 17/a,137.8,0.51%,"1,408,077"
262,KHC,45.65B,45.65,48.08,13.77,-,1.78,0.95,4.17%,1.30%,2.50%,3.60%,1,0.7,0.42,0.44,33.10%,13.80%,4.80%,Apr 27/b,38.37,-0.49%,"10,075,706"
263,KIM,13.16B,13.16,13.96,32.42,3.03,8.72,1.37,3.63%,5.80%,11.10%,2.20%,-,-,0.76,0.76,69.70%,24.00%,57.50%,Apr 28/b,22.01,-2.48%,"6,752,452"
264,KLAC,46.97B,46.97,16.28,13.95,0.81,5.43,12.34,1.25%,27.90%,82.00%,32.30%,2.3,1.6,0.91,0.91,62.30%,39.30%,36.40%,Apr 28/a,335.48,-0.90%,"1,987,824"
265,KMB,43.38B,43.38,24.78,18.74,3.78,2.19,61.41,3.62%,9.70%,316.30%,22.00%,0.8,0.5,11.86,13.23,30.60%,12.20%,8.90%,Apr 22/b,128.34,-0.55%,"2,106,010"
266,KMI,42.44B,42.44,42.1,16.36,-,2.7,1.41,5.83%,1.50%,3.30%,4.00%,0.5,0.4,0.94,1.05,43.80%,13.10%,6.50%,Apr 20/a,19.03,0.05%,"16,984,321"
267,KMX,14.74B,14.74,13.29,14.6,0.82,0.46,2.85,,4.60%,23.10%,4.80%,3.2,0.7,3.5,3.6,10.30%,4.70%,3.60%,Apr 12/b,92.46,1.83%,"2,098,203"
268,KO,259.48B,259.48,25.72,23.05,3.91,6.47,10.62,2.89%,11.20%,44.70%,12.60%,1.2,1,1.49,1.68,60.30%,29.20%,25.70%,Apr 25/b,60.98,1.63%,"28,995,332"
269,KR,35.63B,35.63,22.3,12.2,4.03,0.26,3.78,1.73%,3.30%,17.50%,13.60%,0.7,0.3,1.36,1.41,22.00%,2.50%,1.20%,Mar 03/b,48.66,1.37%,"8,037,996"
270,L,15.16B,15.16,9.75,-,0.7,1.04,0.94,0.40%,2.00%,9.40%,7.90%,-,-,0.54,0.56,-,18.40%,11.40%,May 02/b,62.79,-0.24%,"3,672,854"
271,LDOS,13.60B,13.6,19.8,14.03,2.75,0.98,3.54,1.43%,5.50%,17.60%,10.00%,1,0.9,1.16,1.3,14.80%,8.00%,5.20%,May 03/b,100.6,-0.91%,"697,676"
272,LEN,20.90B,20.9,5.81,4.23,0.25,0.75,1.06,2.02%,-,-,16.40%,-,-,0.22,0.28,21.80%,-,-,Mar 16/a,74.44,2.44%,"2,379,789"
273,LH,23.04B,23.04,11.41,13.55,-,1.45,2.16,1.16%,10.20%,20.10%,15.90%,2,1.8,0.51,0.51,33.20%,18.20%,13.20%,Apr 28/b,248.55,0.86%,"812,142"
274,LHX,44.13B,44.13,24.71,15.62,3.99,2.54,2.3,1.95%,5.30%,9.50%,6.20%,1.3,1.1,0.35,0.37,30.20%,12.10%,10.70%,Apr 29/b,229.4,-1.44%,"1,903,102"
275,LIN,154.64B,154.64,40.6,23.85,3.8,4.87,3.72,1.48%,4.80%,9.10%,6.40%,0.8,0.7,0.3,0.38,42.40%,16.50%,12.70%,Apr 28/b,315.18,1.44%,"2,364,945"
276,LKQ,13.42B,13.42,12.99,11.33,0.39,1.01,2.39,2.07%,8.70%,18.80%,13.10%,1.9,0.8,0.46,0.47,40.60%,10.90%,8.30%,Apr 28/b,48.36,-2.75%,"2,991,039"
277,LLY,284.12B,284.12,44.35,31.49,3.06,9.69,28.93,1.31%,12.80%,75.40%,20.80%,1.3,1,1.62,1.77,74.40%,24.60%,20.90%,Apr 28/b,298.85,4.39%,"3,122,021"
278,LMT,112.72B,112.72,18.73,14.94,2.28,1.71,11.38,2.64%,12.00%,66.90%,34.80%,1.3,1.1,1.11,1.16,13.40%,13.50%,9.40%,Apr 19/b,424.15,-0.35%,"1,625,268"
279,LNC,8.69B,8.69,7.38,4.17,0.27,0.45,0.62,3.42%,0.30%,6.60%,6.50%,-,-,0.45,0.45,-,9.50%,6.60%,May 04/a,52.68,-0.06%,"1,381,337"
280,LNT,14.61B,14.61,21.64,20.22,3.61,3.81,2.42,2.91%,3.70%,11.40%,6.30%,0.7,0.6,1.21,1.32,91.50%,22.00%,17.70%,Apr 28/a,58.67,0.29%,"3,017,238"
281,LOW,120.65B,120.65,15.43,12.51,1.06,1.25,,1.73%,17.30%,-549.50%,46.80%,1,0.1,-,-,33.30%,12.60%,8.70%,May 18/b,184.69,-1.69%,"5,703,720"
282,LRCX,61.56B,61.56,14.82,12.47,1.06,3.68,10.95,1.27%,28.10%,74.60%,36.40%,2.8,2,0.83,0.83,45.90%,31.20%,27.10%,Apr 20/a,474.12,0.42%,"1,706,743"
283,LUMN,11.31B,11.31,5.36,9.55,-,0.58,0.91,9.04%,3.70%,18.40%,8.90%,2.1,2.1,2.31,2.32,56.90%,22.70%,11.20%,May 04/a,11.06,-2.64%,"22,790,056"
284,LUV,24.90B,24.9,45.23,11.22,-,1.35,2.42,,1.60%,5.70%,6.40%,1.9,1.8,0.99,1.03,71.10%,7.30%,3.20%,Apr 28/b,42.65,-2.11%,"4,394,561"
285,LVS,22.22B,22.22,,17.36,-,5.58,5.64,,8.90%,66.50%,-4.90%,3.1,3.1,3.29,3.31,36.90%,-25.90%,46.40%,Apr 27/a,33.46,0.60%,"6,254,306"
286,LW,8.82B,8.82,39.41,22.35,2.67,2.23,23.4,1.55%,5.60%,56.30%,11.90%,2.6,1.6,6.87,6.96,19.60%,9.00%,5.90%,Apr 07/b,63.17,1.20%,"844,784"
287,LYB,35.02B,35.02,6.13,6.35,1.85,0.7,2.79,4.19%,15.60%,50.00%,23.90%,1.8,1.1,0.88,0.89,18.70%,14.60%,11.70%,Apr 29/b,107.87,-1.06%,"2,201,348"
288,LYV,19.43B,19.43,,58.51,-,2.5,,,-3.20%,74.20%,-6.40%,1,1,-,-,32.00%,-0.70%,-5.80%,May 05/a,89.28,-1.35%,"2,322,004"
289,MA,315.63B,315.63,34.98,26.52,1.5,15.86,46.69,0.58%,26.20%,138.10%,39.90%,1.3,1.3,1.97,2.08,-,54.50%,47.70%,Apr 28/b,336.18,1.19%,"3,425,448"
290,MAA,19.96B,19.96,34.07,42.06,4.87,10.91,3.41,2.48%,-,-,4.20%,-,-,0.77,0.77,59.70%,-,-,Apr 27/a,175.31,1.07%,"1,096,135"
291,MAR,49.87B,49.87,34.41,20.97,-,3.17,28.75,0.77%,6.00%,121.40%,13.00%,0.5,0.5,4.93,5.34,20.80%,13.10%,9.40%,May 04/b,155.23,-1.09%,"2,091,922"
292,MAS,12.62B,12.62,24.23,11.61,1.57,1.47,,2.06%,9.90%,-263.10%,35.70%,1.6,1,-,-,33.30%,15.80%,6.30%,Apr 27/b,54.29,0.57%,"2,000,089"
293,MCD,172.39B,172.39,24.71,21.64,3.21,7.25,,2.36%,13.60%,-128.90%,28.30%,1.1,1.1,-,-,54.50%,41.60%,29.90%,Apr 28/b,233.91,2.14%,"3,198,741"
294,MCHP,36.18B,36.18,29.34,11.64,1.24,5.3,6.37,1.66%,4.00%,11.60%,5.00%,1.8,1.2,1.36,1.36,65.20%,15.00%,9.50%,May 09/a,66.67,1.00%,"6,056,519"
295,MCK,46.61B,46.61,36.05,12.7,2.65,0.18,,0.58%,2.20%,-235.80%,-61.00%,1,0.6,-,-,5.20%,0.90%,0.50%,May 05/a,322.86,1.17%,"1,330,116"
296,MCO,52.75B,52.75,27.41,22.51,5.17,8.59,22.37,0.97%,14.00%,81.20%,22.70%,1.4,1.4,3.04,3.25,72.90%,43.10%,32.20%,May 02/b,289.27,2.30%,"1,499,069"
297,MDLZ,83.79B,83.79,20.54,19.27,2.96,2.86,3.02,2.29%,6.20%,15.00%,7.00%,0.7,0.5,0.65,0.7,38.50%,14.80%,14.30%,Apr 26/a,61.19,0.13%,"14,245,917"
298,MDT,135.46B,135.46,28.23,17.58,2.32,4.26,2.62,2.46%,5.30%,9.50%,4.90%,2.6,2.1,0.46,0.48,68.50%,17.90%,15.50%,May 26/b,102.53,-0.21%,"5,315,485"
299,MET,50.05B,50.05,8.04,7.5,0.88,0.7,0.95,3.22%,0.90%,10.30%,8.80%,-,-,0.32,0.32,-,13.30%,9.40%,May 04/a,62.05,-0.54%,"5,386,697"
300,MGM,13.98B,13.98,11.17,23.48,-,1.28,3,0.03%,3.80%,24.70%,10.70%,1.3,1.2,2.09,2.35,48.80%,24.20%,13.70%,May 02/a,34.37,2.14%,"7,386,336"
301,MHK,8.56B,8.56,8.81,8.07,0.98,0.74,1.06,,7.20%,12.20%,10.00%,1.4,0.8,0.13,0.32,28.50%,11.60%,9.00%,Apr 28/a,135.12,-2.94%,"749,550"
302,MKC,23.65B,23.65,32.58,26.42,4.69,3.72,5.26,1.64%,5.80%,16.90%,8.50%,0.7,0.3,0.86,1.17,39.00%,15.50%,11.80%,Mar 29/b,90.32,0.98%,"1,285,979"
303,MKTX,10.30B,10.3,43.83,34.82,4.23,14.93,10.2,1.00%,15.20%,23.40%,25.10%,-,-,0,0,93.50%,46.70%,35.10%,Apr 20/b,279.31,4.24%,"394,991"
304,MLM,20.12B,20.12,31.03,19.37,1.85,3.55,3.18,0.74%,4.90%,10.30%,6.90%,2.8,1.7,0.79,0,23.50%,16.50%,11.60%,May 03/b,327.76,0.96%,"656,397"
305,MMC,73.34B,73.34,23.73,19.93,2.76,3.62,6.89,1.43%,9.60%,30.90%,14.90%,1.2,1.2,0.96,1.07,-,21.70%,15.90%,Apr 21/b,149.85,-1.33%,"2,297,866"
306,MMM,82.01B,82.01,14.98,12.61,2.28,2.32,5.51,4.14%,11.80%,38.00%,18.70%,1.6,1,0.99,1.12,46.00%,19.90%,15.80%,Apr 26/b,143.83,-2.13%,"4,186,159"
307,MNST,44.74B,44.74,34.07,27.35,2.34,8.07,7.06,,19.10%,22.80%,20.90%,4.9,4.2,0,0,56.10%,32.40%,24.90%,May 05/a,87.63,1.00%,"3,808,416"
308,MO,90.98B,90.98,31.11,9.97,5.65,3.52,,7.05%,7.30%,-871.50%,35.60%,0.6,0.5,-,-,54.90%,44.40%,11.60%,Apr 28/b,51.09,0.00%,"16,130,084"
309,MOH,17.79B,17.79,26.33,15.81,1.36,0.61,6.43,,6.00%,26.70%,15.50%,1.4,1.4,0.86,0,14.60%,3.60%,2.40%,Apr 27/a,309.53,0.07%,"390,942"
310,MOS,19.78B,19.78,8.2,5.33,1.17,1.41,1.82,0.78%,12.10%,24.70%,12.60%,1.2,0.6,0.29,0.38,30.10%,24.40%,19.00%,May 02/a,57.95,-5.26%,"11,255,245"
311,MPC,50.53B,50.53,22.39,13.98,1.22,0.37,2.27,2.40%,12.00%,40.30%,7.50%,1.4,1.1,1.07,1.11,9.10%,4.20%,7.90%,May 03/b,96.56,0.84%,"5,874,645"
312,MPWR,17.55B,17.55,72.74,30.56,2.91,13.18,14.63,0.72%,17.90%,22.90%,18.70%,4.6,3.4,0,0,57.30%,23.50%,20.70%,May 02/a,418.12,0.34%,"565,343"
313,MRK,237.67B,237.67,17.06,12.75,1.4,4.4,5.79,2.95%,14.30%,38.30%,15.50%,1.4,1.1,0.75,0.78,71.10%,28.90%,26.30%,Apr 28/b,93.55,1.59%,"11,703,682"
314,MRNA,51.15B,51.15,4.01,15.65,0.24,2.26,3.21,,65.50%,121.90%,81.90%,1.8,1.6,0.04,0.05,84.80%,71.90%,64.80%,May 04/b,136.25,-4.97%,"5,854,427"
315,MRO,17.96B,17.96,9.5,7.99,0.89,2.91,1.75,1.17%,12.30%,19.80%,7.50%,1.1,1.1,0.35,0.36,90.80%,30.40%,34.90%,May 04/a,27.26,1.41%,"19,047,524"
316,MS,135.48B,135.48,10.1,9.45,1.82,2.25,1.45,3.53%,1.20%,14.50%,2.00%,-,-,2.37,6.99,92.20%,31.40%,23.50%,Apr 14/b,79.37,-0.74%,"8,345,268"
317,MSCI,32.16B,32.16,45.75,32.1,3.01,15.13,,1.00%,15.10%,-179.30%,22.60%,1.1,1.1,-,-,82.30%,50.30%,35.70%,Apr 26/b,417.04,1.71%,"667,067"
318,MSFT,1847.17B,1847.17,26.35,23.44,1.62,9.59,11.62,0.98%,21.40%,47.00%,28.20%,2,1.9,0.38,0.4,68.70%,42.50%,37.60%,Apr 26/a,252.56,-0.23%,"39,012,544"
319,MSI,32.96B,32.96,29.34,19.02,2.06,4.03,,1.50%,10.90%,-519.10%,23.80%,1.1,0.9,-,-,49.40%,19.50%,15.50%,May 12/a,210.28,0.01%,"1,879,954"
320,MTB,29.05B,29.05,12.43,8.86,2.18,7.54,1.3,2.95%,1.10%,10.60%,16.40%,-,-,0.21,0.21,-,97.10%,43.90%,Apr 20/b,162.73,-0.10%,"1,134,979"
321,MTCH,20.76B,20.76,84.85,26.58,5.3,6.67,,,5.80%,-211.60%,11.60%,1.1,1.1,-,-,71.20%,27.90%,9.10%,May 03/a,76.7,2.20%,"2,878,726"
322,MTD,27.15B,27.15,36.37,28.9,2.04,7.12,333.85,,24.30%,523.10%,41.50%,1.2,0.8,20.88,22.13,58.20%,25.60%,20.80%,May 05/a,1238.58,1.55%,"136,156"
323,MU,72.43B,72.43,8.67,5.5,0.29,2.32,1.61,0.58%,15.10%,20.10%,11.60%,3.1,2.3,0.15,0.15,45.80%,31.60%,29.00%,Mar 29/a,68.9,-0.72%,"20,214,833"
324,NCLH,5.84B,5.84,,8.67,-,5,4.24,,-21.90%,-156.30%,-26.80%,0.8,0.7,8.33,9,-83.60%,-,-,May 10/b,15.3,-4.08%,"26,987,129"
325,NDAQ,23.55B,23.55,20.98,17.34,2.65,4.08,4.01,1.64%,6.10%,18.40%,9.60%,0.9,0.9,0.8,0.98,60.00%,27.10%,20.30%,Apr 20/b,146.13,2.13%,"1,965,696"
326,NDSN,11.77B,11.77,24.25,21.02,1.87,4.82,5.38,0.99%,13.40%,23.70%,16.50%,2.5,1.6,0.36,0.37,56.20%,27.10%,20.30%,May 23/a,205.24,-0.32%,"323,407"
327,NEE,137.33B,137.33,96.64,23.44,10.67,8.46,3.9,2.39%,1.00%,4.00%,2.80%,0.5,0.4,1.42,1.66,-,12.70%,9.00%,Apr 21/b,71.22,1.08%,"9,722,803"
328,NEM,53.41B,53.41,53.58,20.52,-,4.32,2.48,3.27%,2.60%,4.70%,0.50%,2.9,2.2,0.28,0.29,54.60%,9.60%,8.50%,Apr 22/b,67.19,1.63%,"6,111,554"
329,NFLX,76.91B,76.91,17.82,15.54,1.44,2.53,4.72,,11.50%,32.00%,16.70%,1,1,0.83,0.83,46.30%,20.40%,16.50%,Apr 19/a,186.35,1.56%,"10,406,754"
330,NI,12.00B,12,19.91,19.55,2.77,2.3,2.17,3.10%,2.80%,12.80%,5.80%,0.7,0.6,1.62,1.73,69.00%,22.50%,12.60%,May 04/b,30.28,-0.10%,"5,186,281"
331,NKE,162.28B,162.28,28.54,23.29,1.86,3.47,11.51,1.13%,16.00%,43.00%,26.80%,3.1,2.2,0.64,0.64,46.20%,15.20%,13.10%,Mar 21/a,108,1.47%,"7,579,597"
332,NLOK,14.00B,14,15.53,12.33,1.92,5.09,,2.06%,13.40%,-267.10%,23.60%,0.7,0.7,-,-,85.20%,40.20%,32.20%,May 05/a,24.31,2.31%,"5,227,870"
333,NLSN,9.36B,9.36,16.84,12.72,3.18,2.66,2.69,0.94%,4.50%,15.40%,9.80%,2,2,1.64,1.65,64.50%,23.20%,14.10%,Apr 28/b,25.5,0.24%,"2,510,747"
334,NOC,68.60B,68.6,12.22,16.26,2,1.94,5.21,1.42%,13.60%,47.30%,14.30%,1.3,1.2,0.97,0.97,21.00%,10.60%,16.30%,Apr 28/b,443.33,-1.15%,"634,669"
335,NOW,83.02B,83.02,394.02,46.42,14.75,13.27,21.67,,2.20%,6.20%,4.50%,1.1,1.1,0.37,0.39,77.30%,3.90%,3.60%,Apr 27/a,433.03,1.47%,"1,715,034"
336,NRG,10.62B,10.62,2.78,10.82,0.07,0.4,2.2,3.06%,15.70%,105.00%,22.40%,1.4,1.3,1.6,1.6,30.70%,21.40%,14.90%,May 06/b,45.72,-1.06%,"6,659,551"
337,NSC,53.83B,53.83,18.48,14.94,1.66,4.71,4.07,2.17%,7.80%,21.90%,13.00%,1,0.9,1.02,1.1,52.90%,39.60%,26.60%,Apr 27/b,228.86,0.36%,"1,518,569"
338,NTAP,14.51B,14.51,15.08,12.21,1.71,2.34,16.83,3.00%,10.90%,132.90%,23.70%,1.6,1.5,2.7,2.99,67.30%,21.30%,16.30%,Jun 01/a,66.64,-2.37%,"2,453,419"
339,NTRS,21.23B,21.23,14.35,11.28,1.95,3.25,2.04,2.71%,0.90%,13.80%,0.90%,-,-,0.33,14.91,-,31.00%,23.00%,Apr 26/b,103.47,1.44%,"743,025"
340,NUE,32.14B,32.14,4.28,9.87,0.11,0.8,2.14,1.67%,-,-,36.40%,2.9,1.7,0.4,0.45,32.20%,-,-,Apr 21/b,119.97,-0.61%,"2,858,569"
341,NVDA,381.88B,381.88,43.42,24.75,1.41,14.19,15.72,0.10%,25.30%,43.20%,26.20%,6.7,6,0.41,0.41,64.90%,37.30%,36.20%,May 25/a,166.94,-2.51%,"73,565,227"
342,NVR,13.85B,13.85,11.38,8.47,2.37,1.49,5.29,,24.40%,48.00%,28.50%,-,-,0.56,0.56,26.50%,20.40%,15.20%,Apr 26/b,4262.41,2.57%,"17,659"
343,NWL,7.86B,7.86,11.58,9.28,2.52,0.74,2.06,4.73%,5.00%,17.80%,9.00%,1.4,0.7,1.23,1.23,30.90%,9.00%,6.70%,Apr 29/b,19.45,-1.12%,"4,372,600"
344,NWS,10.52B,10.52,21.55,-,-,1.05,1.29,1.12%,-,-,-,-,-,-,-,-,-,-,May 05/a,17.89,0.62%,"761,897"
345,NWSA,10.09B,10.09,20.96,17.26,1.1,0.99,1.23,1.14%,3.00%,6.00%,3.70%,1.2,1.1,0.3,0.33,50.50%,7.10%,4.90%,May 05/a,17.61,0.63%,"4,727,309"
346,NXPI,45.13B,45.13,22.36,12.67,2.02,3.88,7.28,1.88%,10.50%,32.00%,13.40%,1.9,1.4,1.62,1.62,55.80%,25.30%,18.70%,May 02/a,180.11,2.46%,"2,734,401"
347,O,39.68B,39.68,66.66,42.44,12.23,16.23,1.58,4.36%,1.40%,2.40%,0.70%,-,-,0.63,0.63,93.60%,17.70%,18.90%,May 04/a,67.99,1.25%,"4,071,626"
348,ODFL,27.21B,27.21,24.83,19.62,0.97,4.84,7.94,0.49%,24.30%,32.40%,27.50%,2.2,2.2,0.03,0,88.70%,27.10%,20.20%,Apr 27/b,243.18,1.98%,"1,071,216"
349,OGN,9.46B,9.46,7.34,6.48,-,1.49,,2.98%,11.90%,-82.40%,17.70%,1.6,1.2,-,-,63.00%,23.60%,20.40%,May 05/b,37.64,2.93%,"1,917,138"
350,OKE,27.56B,27.56,18.92,14.73,1.74,1.47,4.74,5.89%,6.30%,25.30%,10.70%,0.8,0.5,2.13,2.29,22.80%,13.80%,8.00%,May 03/a,63.54,0.40%,"2,205,333"
351,OMC,15.10B,15.1,12.73,10.62,1.2,1.06,5.2,3.74%,4.90%,40.10%,18.40%,0.9,0.9,1.88,1.89,27.50%,14.40%,9.10%,Apr 19/a,74.85,-0.07%,"1,363,052"
352,ORCL,181.98B,181.98,26.31,13.05,2.57,4.35,,1.87%,6.40%,-200.30%,17.80%,1.5,-,-,-,79.40%,26.20%,18.10%,Mar 10/a,68.63,2.37%,"7,500,268"
353,ORLY,36.84B,36.84,18.34,15.58,1.85,2.72,,,18.20%,-,61.20%,0.7,0.1,-,-,52.40%,21.40%,15.90%,Apr 27/a,572.57,-4.81%,"1,506,255"
354,OTIS,30.18B,30.18,25.28,20.19,2.75,2.11,,1.58%,11.00%,-30.50%,43.00%,1.3,1.2,-,-,29.20%,14.90%,8.70%,Apr 25/b,73.44,1.17%,"3,002,973"
355,OXY,54.79B,54.79,9.58,8.93,0.52,1.88,3.91,0.82%,8.60%,60.40%,8.60%,1.2,1,1.71,1.74,64.90%,25.00%,22.40%,May 10/a,63.26,-1.09%,"23,694,995"
356,PARA,20.37B,20.37,5.73,15.5,-,0.71,0.93,2.94%,7.10%,18.80%,13.80%,1.6,1.5,0.74,0.74,36.20%,19.20%,14.10%,May 03/b,32.64,1.30%,"9,820,218"
357,PAYC,15.89B,15.89,72.12,39.77,2.81,13.98,15.92,,5.50%,25.40%,21.00%,1.1,1.1,0.03,0.03,84.70%,25.10%,19.60%,May 03/a,276.79,2.64%,"523,425"
358,PAYX,41.73B,41.73,31.33,28.92,2.35,9.28,12.88,2.69%,14.10%,43.90%,30.00%,1.3,1.3,0.24,0.25,-,40.00%,30.20%,Mar 30/b,117.33,1.29%,"2,252,823"
359,PCAR,27.66B,27.66,14.03,10.09,1.7,1.15,2.29,1.70%,6.80%,17.10%,8.70%,4.2,3.8,0.89,0.89,18.40%,10.70%,8.20%,Apr 26/b,79.81,-1.98%,"1,655,867"
360,PEAK,15.73B,15.73,51.08,60.79,17.61,8.11,2.48,4.08%,2.90%,6.50%,0.70%,-,-,0.99,0.99,59.00%,13.20%,22.10%,May 03/a,29.42,0.48%,"8,377,612"
361,PEG,33.58B,33.58,,18.24,-,3.67,2.49,3.20%,-2.70%,-9.00%,-2.10%,0.9,0.8,1.25,1.42,-,-21.30%,-14.20%,May 03/b,67.55,-0.18%,"2,216,179"
362,PENN,4.92B,4.92,14.68,12.13,-,0.79,1.36,,2.30%,10.90%,8.40%,1.9,1.9,2.96,3.03,45.80%,18.30%,6.10%,May 05/b,31.79,3.65%,"4,976,895"
363,PEP,220.00B,220,21.77,22.45,2.91,2.72,12.33,2.84%,11.00%,62.20%,16.30%,0.9,0.7,1.9,2.2,53.40%,17.50%,12.60%,Apr 26/b,162.21,0.63%,"5,750,388"
364,PFE,297.18B,297.18,11.83,9.9,-,3.22,3.58,3.05%,14.00%,32.70%,18.90%,1.4,1.1,0.43,0.44,60.40%,30.30%,27.00%,May 03/b,52.47,3.59%,"31,142,357"
365,PFG,16.90B,16.9,11.89,8.92,0.86,1.19,1.51,3.70%,0.50%,10.40%,8.60%,-,-,0.36,0.38,-,13.40%,11.10%,Apr 28/a,69.24,-0.73%,"2,427,280"
366,PG,336.59B,336.59,24.78,22.68,4.07,4.23,8.04,2.58%,11.90%,32.00%,18.30%,0.7,0.5,0.53,0.75,48.30%,22.30%,18.00%,Apr 20/b,141.79,0.06%,"7,760,557"
367,PGR,65.51B,65.51,30.17,18.38,0.98,1.36,3.92,0.36%,3.00%,12.20%,15.80%,-,-,0.39,0.39,-,6.10%,4.50%,May 03/b,110.99,0.52%,"3,801,385"
368,PH,32.61B,32.61,20.01,13.12,1.88,2.09,3.71,2.06%,7.90%,19.60%,12.50%,1.5,1.1,0.7,0.91,28.20%,17.40%,10.80%,May 05/b,258.77,-1.49%,"656,043"
369,PHM,10.07B,10.07,5.22,3.68,0.22,0.7,1.42,1.40%,-,-,19.20%,-,-,0.27,0.33,27.70%,-,-,Apr 28/b,42.74,2.57%,"2,163,181"
370,PKG,14.07B,14.07,15.2,12.44,1.57,1.75,3.66,2.68%,11.40%,25.60%,15.00%,3,2,0.66,0.66,24.80%,16.10%,11.50%,Apr 25/a,149.06,-0.95%,"872,115"
371,PKI,17.79B,17.79,23.68,20.74,0.62,3.55,2.58,0.19%,5.50%,11.60%,8.20%,1.9,1.4,0.68,0.68,54.70%,22.30%,14.80%,May 03/a,146.73,2.22%,"709,341"
372,PLD,85.57B,85.57,23.97,37.65,-,17.72,2.6,2.64%,6.40%,11.30%,2.50%,-,-,0.52,0.54,74.10%,34.50%,77.00%,Apr 19/b,119.72,0.00%,"5,121,911"
373,PM,155.20B,155.2,17.51,16.58,4.33,4.92,,4.94%,21.80%,-86.00%,58.20%,0.9,0.5,-,-,67.20%,40.60%,28.50%,Apr 21/b,101.15,0.65%,"5,065,581"
374,PNC,65.27B,65.27,13.21,9.43,-,5.64,1.33,3.85%,0.90%,9.30%,11.80%,-,-,0.54,0.54,-,99.80%,43.40%,Apr 14/b,155.98,0.79%,"1,885,795"
375,PNR,8.01B,8.01,14.95,12.31,1.8,2.05,3.23,1.72%,11.80%,22.90%,17.10%,1.5,0.9,0.44,0.44,34.30%,16.20%,14.00%,Apr 21/b,48.96,1.26%,"1,037,181"
376,PNW,8.53B,8.53,15.13,17.86,151.32,2.19,1.44,4.51%,2.80%,10.20%,5.00%,1,0.8,1.22,1.26,-,20.90%,15.40%,May 04/b,75.31,-0.29%,"559,271"
377,POOL,15.94B,15.94,22.48,20.47,1.32,2.82,13.79,0.99%,25.20%,71.10%,29.20%,2.5,0.8,1.26,1.28,31.20%,16.60%,12.90%,Apr 21/b,405.58,3.08%,"823,798"
378,PPG,28.49B,28.49,27.05,13.69,1.63,1.65,4.55,1.97%,4.90%,17.30%,10.40%,1.5,1,1.1,1.15,37.60%,7.40%,6.30%,Apr 21/a,119.68,-2.44%,"1,781,822"
379,PPL,21.17B,21.17,214.71,17.6,13.32,3.49,1.55,2.74%,1.80%,4.40%,3.70%,1.9,1.8,0.77,0.87,85.40%,24.10%,10.40%,May 05/b,29.2,-0.03%,"6,100,932"
380,PRU,36.64B,36.64,8.01,7.7,2.97,0.55,0.84,4.86%,0.50%,8.30%,9.50%,-,-,0.45,0.47,-,8.70%,7.10%,May 03/a,98.7,-0.88%,"3,600,923"
381,PSA,54.17B,54.17,30.41,26.36,1.79,14.96,10.25,2.56%,11.20%,35.40%,13.20%,-,-,1.39,1.39,73.70%,49.00%,50.00%,May 03/a,312.91,1.01%,"604,444"
382,PSX,43.50B,43.5,16.32,11.19,2.01,0.35,1.93,4.14%,4.40%,13.20%,-3.60%,1.1,0.9,0.59,0.66,8.30%,0.20%,2.00%,Apr 29/b,93.79,-1.62%,"3,827,513"
383,PTC,12.88B,12.88,28.04,21.14,2.11,6.85,6.37,,11.00%,24.60%,13.40%,1.2,1.2,0.61,0.61,79.60%,21.80%,25.50%,Apr 27/a,113.42,3.57%,"915,998"
384,PVH,4.16B,4.16,4.88,6.18,-,0.45,0.85,0.23%,7.50%,18.70%,13.80%,1.3,0.8,0.44,0.45,58.20%,11.80%,10.40%,Mar 29/a,64.87,0.59%,"1,151,931"
385,PWR,15.71B,15.71,34.27,16.17,2.04,1.1,3.16,0.25%,4.20%,9.90%,6.00%,1.5,1.5,0.74,0.75,14.90%,4.70%,3.40%,May 05/b,113,-0.47%,"1,581,990"
386,PXD,62.04B,62.04,16.25,10.58,0.93,2.96,2.74,1.17%,11.30%,18.20%,18.20%,1.5,1.4,0.23,0.24,53.90%,38.80%,20.00%,May 04/a,266.48,0.40%,"1,658,369"
387,PYPL,87.90B,87.9,26.62,16.49,1.76,3.4,4.55,,4.80%,16.80%,14.10%,1.2,1.2,0.4,0.45,45.40%,15.20%,13.90%,Apr 27/a,80.54,-0.91%,"16,786,839"
388,QCOM,143.94B,143.94,13.47,9.98,0.94,3.67,11.11,2.28%,26.70%,104.30%,33.20%,1.6,1.3,0.91,1.18,58.50%,32.60%,28.40%,Apr 27/a,131.6,0.79%,"11,302,793"
389,QRVO,11.37B,11.37,11.74,8.52,0.95,2.45,2.55,,14.90%,23.70%,12.00%,3.6,2.6,0.44,0,49.20%,25.60%,23.80%,May 04/a,108.61,3.61%,"2,214,934"
390,RCL,13.24B,13.24,,10.85,-,5.2,3.54,,-16.10%,-90.40%,-15.40%,0.4,0.4,5,5.64,-37.00%,-,-,May 05/b,55.41,-3.52%,"4,792,112"
391,RE,10.44B,10.44,8.05,6.58,-,0.86,1.1,2.44%,-,-,11.00%,-,-,0.32,0.32,-,-,-,Apr 27/a,270.57,-2.09%,"245,530"
392,REG,10.53B,10.53,22.74,31.6,2.5,8.81,1.77,3.95%,4.40%,7.90%,3.80%,-,-,0.61,0.61,72.50%,33.10%,39.80%,May 03/a,63.26,-1.48%,"1,256,215"
393,REGN,71.32B,71.32,9.37,14.96,0.72,4.32,3.55,,32.70%,44.70%,35.80%,4.8,4.3,0.14,0.14,84.60%,55.10%,48.10%,May 04/b,661.14,0.61%,"542,478"
394,RF,18.77B,18.77,8.36,8.38,0.33,4.56,1.23,3.37%,1.40%,14.10%,19.60%,-,-,0.15,0.15,-,-,56.10%,Apr 22/b,20.15,0.65%,"7,928,434"
395,RHI,9.73B,9.73,15.02,13,1.31,1.42,6.66,1.94%,22.70%,48.50%,43.30%,1.8,1.8,0,0,42.30%,12.80%,9.50%,Apr 26/a,88.61,-0.35%,"1,220,377"
396,RJF,18.51B,18.51,12.95,9.43,1.52,1.72,2.22,1.48%,2.30%,18.10%,3.20%,-,-,0.34,4.42,96.20%,18.00%,14.00%,Apr 27/a,91.77,0.25%,"1,348,274"
397,RL,6.34B,6.34,13.97,10.64,-,1.06,2.51,2.95%,6.20%,18.40%,-1.60%,1.9,1.5,0.55,0.74,66.50%,12.30%,8.40%,May 24/b,93.24,1.25%,"1,387,208"
398,RMD,28.25B,28.25,37.25,30.12,1.52,7.98,8.82,0.85%,16.30%,25.30%,14.00%,2.6,1.6,0.2,0.21,56.30%,27.90%,22.00%,Apr 28/a,197.66,0.04%,"449,668"
399,ROK,23.20B,23.2,36.29,17.96,3.91,3.17,8.81,2.25%,6.30%,26.30%,21.10%,1.1,0.8,1.32,1.56,39.60%,8.80%,8.80%,May 03/b,199.51,0.40%,"907,336"
400,ROL,16.96B,16.96,52.5,43.56,6.4,6.84,15.68,1.13%,16.70%,30.40%,25.50%,1,1,0.25,0.27,51.70%,18.10%,13.30%,Apr 27/b,35.28,2.77%,"1,975,399"
401,ROP,44.06B,44.06,44.59,24.87,5.79,7.43,3.25,0.59%,-,-,6.10%,1.3,1.2,0.49,0.55,67.70%,-,-,Apr 26/b,417.46,1.04%,"660,754"
402,ROST,24.45B,24.45,14.77,12.58,0.41,1.29,6.18,1.73%,12.60%,44.20%,27.60%,1.8,1.2,0.6,0.6,27.50%,12.30%,9.10%,May 19/a,71.87,-22.47%,"34,518,308"
403,RSG,39.90B,39.9,30.65,24.99,2.79,3.42,4.56,1.42%,5.50%,15.10%,9.70%,0.8,0.7,1.07,1.07,40.30%,18.40%,11.50%,May 05/a,129.45,1.52%,"1,139,736"
404,RTX,133.33B,133.33,32.14,15.55,1.98,2.06,1.85,2.44%,2.60%,5.80%,3.40%,1.2,0.9,0.43,0.43,20.00%,6.70%,6.50%,Apr 26/b,90.08,-0.19%,"6,537,205"
405,SBAC,34.08B,34.08,82.4,65.22,2.33,14.32,,0.87%,-,-,10.40%,0.4,0.4,-,-,76.10%,-,-,Apr 25/a,326.62,2.35%,"821,390"
406,SBNY,11.26B,11.26,13.7,7,2.17,5.43,1.46,1.17%,0.80%,10.90%,17.80%,-,-,0.07,0.07,-,81.80%,38.10%,Apr 19/b,190.89,1.01%,"987,745"
407,SBUX,77.82B,77.82,19.64,21.28,2.49,2.48,,2.67%,14.90%,-60.10%,49.30%,0.8,0.6,-,-,27.70%,19.00%,14.10%,May 03/a,73.39,2.03%,"15,873,151"
408,SCHW,118.79B,118.79,22.91,12.48,1.01,6.26,3.2,1.26%,0.80%,11.80%,1.10%,-,-,0.58,13.15,97.30%,40.00%,27.70%,Apr 18/b,63.28,0.99%,"7,776,075"
409,SEDG,12.98B,12.98,82.5,26.56,2.77,5.86,6.79,,-,-,9.60%,4.3,3.6,0.34,0,30.20%,-,-,May 02/a,256.81,1.84%,"835,935"
410,SEE,8.85B,8.85,16.87,13.03,1.4,1.56,46.43,1.34%,8.90%,330.50%,16.40%,1.3,0.7,19.38,19.43,30.90%,16.10%,9.60%,May 03/b,59.89,0.13%,"924,331"
411,SHW,67.40B,67.4,37.57,23.26,2.53,3.32,29.89,0.93%,8.70%,71.60%,15.30%,0.9,0.5,3.85,4.74,41.80%,10.80%,9.00%,Apr 26/b,257.95,-0.55%,"2,558,443"
412,SIVB,24.80B,24.8,14.75,9.4,1.84,6.65,2.07,,0.90%,14.60%,15.90%,-,-,0.21,0.21,-,93.40%,45.80%,Apr 21/a,434.7,-0.18%,"570,889"
413,SJM,13.64B,13.64,23.6,14.09,14.66,1.73,1.64,3.16%,3.60%,7.00%,8.50%,1.2,0.6,0.52,0.53,35.30%,12.00%,7.30%,Mar 01/b,125.31,-0.83%,"1,093,876"
414,SLB,55.68B,55.68,28.13,15.52,0.67,2.35,3.78,1.70%,5.10%,14.80%,7.90%,1.2,0.9,0.86,0.92,16.40%,12.60%,8.80%,Apr 22/b,41.12,0.66%,"9,763,155"
415,SNA,11.12B,11.12,13.61,12.76,2.96,2.38,2.61,2.71%,12.50%,20.50%,16.30%,3.2,2.3,0.28,0.28,53.10%,24.60%,18.10%,Apr 21/b,209.96,-2.36%,"386,123"
416,SNPS,44.59B,44.59,53.08,34.34,3.28,9.9,8.72,,10.50%,17.40%,12.70%,1.2,1.1,0,0,79.80%,20.70%,20.20%,May 18/a,306.72,2.06%,"1,825,039"
417,SO,78.46B,78.46,34.26,19.34,5.35,3.29,2.76,3.71%,1.80%,8.10%,4.20%,0.9,0.7,1.79,1.91,85.40%,14.60%,9.60%,Apr 28/b,73.41,0.11%,"5,741,624"
418,SPG,35.41B,35.41,16.06,18.7,1.87,6.85,11.13,6.25%,6.60%,68.20%,8.20%,-,-,7.83,7.83,81.00%,46.00%,43.10%,May 09/a,108.84,-1.09%,"3,279,265"
419,SPGI,113.90B,113.9,24.71,22.17,2.35,13.14,2.37,0.99%,12.90%,31.30%,54.00%,1.4,1.4,0.29,0.29,72.10%,57.90%,40.40%,May 03/b,342.42,3.12%,"3,407,801"
420,SRE,49.36B,49.36,50.64,17.87,7.42,3.68,2.01,2.86%,1.40%,4.00%,2.30%,0.7,0.7,0.97,1.07,95.30%,8.40%,7.40%,May 05/b,160.11,-1.10%,"1,564,367"
421,STE,22.85B,22.85,77.67,24.15,7.77,5.38,3.42,0.76%,-,-,7.70%,2.1,1.5,0.48,0.5,43.00%,-,-,May 11/a,225.94,1.14%,"576,206"
422,STT,24.20B,24.2,9.14,6.92,0.81,12.02,1.02,3.38%,0.80%,10.90%,3.70%,-,-,0.57,0.57,-,-,-,Apr 14/b,67.47,2.29%,"3,880,637"
423,STX,16.66B,16.66,9.85,8.56,0.49,1.38,33.66,3.49%,18.30%,288.50%,25.30%,1.5,1.1,10.7,11.14,29.80%,15.20%,13.40%,Apr 27/b,80.12,-2.90%,"2,302,748"
424,STZ,43.69B,43.69,,18.21,-,4.95,3.8,1.36%,-0.20%,-0.30%,9.00%,1.2,0.7,0.81,0.89,53.40%,26.10%,-0.50%,Apr 07/b,234.5,-0.14%,"1,262,370"
425,SWK,17.40B,17.4,14.91,10.04,1.14,1.06,2.07,2.72%,-,-,9.60%,0.9,0.3,0.61,1.2,32.00%,-,-,Apr 28/b,116.35,0.26%,"1,612,162"
426,SWKS,16.01B,16.01,12.51,8.38,1.06,3.04,3.25,2.17%,16.50%,26.30%,20.10%,4,2.7,0.42,0.42,47.90%,28.10%,26.00%,May 03/a,103,1.73%,"2,656,599"
427,SYF,16.03B,16.03,4.4,5.57,0.12,1.03,1.32,2.71%,4.40%,31.30%,44.60%,-,-,1.05,1.05,-,87.90%,26.30%,Apr 18/b,32.46,-0.31%,"7,444,445"
428,SYK,85.84B,85.84,44.08,21.47,5.49,4.92,5.83,1.20%,5.80%,13.90%,8.40%,2,1.2,0.92,0.94,62.90%,14.70%,11.60%,Apr 28/a,232.25,0.76%,"1,081,158"
429,SYY,38.24B,38.24,39.62,17.99,0.76,0.58,29.61,2.55%,4.60%,69.30%,10.90%,1.2,0.7,8.03,8.41,17.90%,3.30%,1.50%,May 10/b,76.98,-2.66%,"3,262,163"
430,T,145.16B,145.16,8.61,8,-,0.89,0.87,5.44%,3.10%,10.40%,5.20%,0.9,0.9,1.07,1.23,53.20%,13.10%,10.50%,Apr 21/b,20.4,0.94%,"47,316,351"
431,TAP,11.04B,11.04,10.39,11.94,3.89,1.04,0.82,2.97%,3.80%,8.10%,5.90%,0.8,0.5,0.49,0.54,40.10%,14.20%,10.10%,May 03/b,51.23,0.89%,"1,621,556"
432,TDG,29.29B,29.29,38.36,25.19,1.58,5.84,,,4.40%,-29.10%,9.80%,5,4.1,-,-,55.50%,40.10%,16.80%,May 10/b,550.24,1.68%,"526,669"
433,TDY,17.36B,17.36,31.83,19.42,1.37,3.38,2.3,,4.00%,7.60%,4.30%,1.7,1.1,0.49,0.53,40.90%,13.60%,11.20%,Apr 27/b,386.1,-1.15%,"399,102"
434,TECH,13.64B,13.64,66.83,40.07,4.46,12.67,8.39,0.35%,9.90%,13.60%,12.00%,3.6,2.8,0.14,0.15,68.00%,26.40%,20.90%,May 04/b,366.35,-0.02%,"195,993"
435,TEL,38.70B,38.7,16.23,15.65,1.57,2.5,3.82,1.83%,11.70%,23.70%,15.70%,1.5,0.9,0.33,0.39,33.00%,17.80%,16.10%,Apr 27/b,122.68,0.00%,"1,969,802"
436,TER,15.56B,15.56,19.14,15.49,2.37,4.23,6.7,0.43%,25.60%,38.50%,38.40%,3.3,3,0.03,0.04,59.80%,30.70%,26.40%,May 12/a,102.37,0.19%,"2,120,198"
437,TFC,61.03B,61.03,10.2,8.12,3.76,4.48,1.04,4.20%,1.10%,9.80%,12.60%,-,-,0.56,0.56,-,-,44.20%,Apr 19/b,45.68,-0.95%,"9,708,166"
438,TFX,13.03B,13.03,27.94,18.71,2.69,4.62,3.55,0.47%,7.00%,13.30%,9.60%,2.3,1.5,0.46,0.49,55.10%,21.80%,17.30%,Apr 28/b,287.3,-0.48%,"389,679"
439,TGT,71.23B,71.23,11.04,9.74,0.79,0.67,5.76,2.32%,13.20%,49.20%,27.60%,1,0.4,1.06,1.07,29.30%,8.80%,6.60%,May 18/b,155.36,1.26%,"12,258,856"
440,TJX,66.55B,66.55,21.41,16.16,1.63,1.37,11.46,2.04%,11.20%,52.50%,36.30%,1.3,0.7,0.56,0.56,28.50%,9.30%,6.80%,May 18/b,57.87,-5.76%,"15,684,210"
441,TMO,211.05B,211.05,28.91,22.65,3.09,5.13,5.31,0.22%,9.20%,19.30%,10.80%,1.6,1.1,0.77,0.81,48.40%,22.00%,18.50%,Apr 28/b,555.15,0.80%,"2,095,101"
442,TMUS,155.12B,155.12,56.39,20.35,0.96,1.93,2.25,,1.40%,4.10%,4.40%,0.8,0.7,1.06,1.13,57.10%,8.10%,3.50%,Apr 27/b,126.04,0.13%,"4,328,571"
443,TPR,8.06B,8.06,10.62,7.65,0.51,1.24,3.22,3.18%,11.00%,29.20%,16.70%,1.5,0.9,0.47,0.63,70.80%,17.40%,13.30%,May 12/b,31.41,1.42%,"5,064,414"
444,TRMB,15.51B,15.51,33.92,20.18,3.39,4.12,4.1,,6.90%,12.50%,9.10%,1.3,0.9,0.32,0,55.50%,15.30%,13.00%,May 05/b,65.23,0.31%,"1,307,002"
445,TROW,27.06B,27.06,9.85,10.88,0.81,3.51,3.07,3.94%,23.80%,33.00%,31.20%,-,-,0,0,-,47.90%,36.70%,Apr 28/b,121.78,1.37%,"1,871,405"
446,TRV,40.51B,40.51,10.64,11.41,1.51,1.15,1.59,2.21%,3.30%,14.00%,11.10%,-,-,0.28,0.29,-,14.40%,11.10%,Apr 19/b,168.24,-0.63%,"1,942,636"
447,TSCO,19.60B,19.6,20.65,17.35,1.43,1.51,11.31,2.04%,13.00%,51.50%,33.80%,1.4,0.3,0.57,0.57,35.10%,10.20%,7.70%,Apr 21/b,179.96,-2.07%,"1,962,525"
448,TSLA,666.73B,666.73,89.74,42.02,2.26,10.72,20.14,,13.90%,28.90%,15.70%,1.4,1,0.09,0.14,27.10%,15.30%,13.50%,Apr 20/a,663.9,-6.42%,"47,948,430"
449,TSN,30.68B,30.68,7.33,10.66,0.98,0.6,1.62,2.16%,11.20%,22.60%,12.60%,1.9,0.9,0.43,0.44,15.50%,10.90%,7.90%,May 09/b,85.28,1.38%,"4,291,410"
450,TT,29.78B,29.78,21.35,16.55,1.15,2.06,5.11,2.05%,8.00%,23.00%,15.20%,1.3,0.9,0.75,0.81,31.20%,14.20%,10.00%,May 04/b,130.72,-0.11%,"1,399,303"
451,TTWO,12.95B,12.95,25.76,19.37,1.9,3.79,3.65,,8.30%,14.90%,16.20%,1.8,1.8,0,0,60.40%,17.60%,15.40%,May 16/a,116.12,-3.04%,"19,643,466"
452,TWTR,32.39B,32.39,158.22,29.64,-,6.18,5.05,,1.60%,3.20%,-1.90%,6.6,6.6,0.89,0,63.30%,-10.90%,4.30%,Apr 28/b,38.29,2.68%,"23,539,494"
453,TXN,153.04B,153.04,19.42,18.77,1.94,8.07,11.18,2.71%,34.90%,64.60%,37.10%,5.5,4.7,0.52,0.55,68.70%,50.50%,43.20%,Apr 26/a,169.81,1.31%,"6,261,372"
454,TXT,13.14B,13.14,18.21,13.33,1.29,1.05,1.96,0.13%,4.90%,11.90%,6.90%,2.3,1.2,0.53,0.53,16.90%,7.00%,6.10%,Apr 28/b,62.49,-0.43%,"1,572,809"
455,TYL,13.65B,13.65,87.94,41.9,8.79,7.79,5.92,,3.50%,7.30%,5.00%,1.1,1.1,0.54,0.55,43.20%,11.30%,9.40%,Apr 27/a,341.73,0.42%,"323,962"
456,UA,3.83B,3.83,8.97,10.6,0.41,0.67,2.04,,-,-,-,-,-,-,-,-,-,-,May 06/b,8.48,3.67%,"13,884,820"
457,UAA,4.22B,4.22,20.51,11.09,1.73,0.74,2.63,,4.70%,11.70%,24.50%,2.2,1.5,0.39,0,49.60%,5.80%,3.90%,May 06/b,9.64,3.88%,"14,859,102"
458,UAL,13.65B,13.65,,6.06,-,0.47,3.91,,-2.90%,-41.80%,-1.10%,1,1,8.24,9.09,53.20%,-3.50%,-6.80%,Apr 20/a,43.55,-1.49%,"12,865,256"
459,UDR,14.58B,14.58,92.6,104.91,-,10.82,4.42,3.26%,1.50%,5.00%,2.50%,-,-,1.55,1.64,64.90%,17.90%,11.60%,Apr 26/a,46.58,0.65%,"2,071,366"
460,UHS,8.91B,8.91,10.6,8.99,1.12,0.69,1.55,0.66%,7.20%,15.10%,10.10%,1.1,1,0.72,0.73,-,9.90%,7.20%,Apr 25/a,120.93,1.72%,"587,409"
461,ULTA,17.10B,17.1,19.05,16.64,0.44,1.98,11.88,,19.60%,54.40%,64.30%,1.5,0.5,0,0,39.00%,15.00%,11.40%,May 26/a,343.05,-2.35%,"1,159,988"
462,UNH,449.50B,449.5,26.59,19.63,1.82,1.51,6.28,1.19%,8.10%,24.60%,16.50%,-,-,0.56,0.65,-,8.10%,5.90%,Apr 14/b,485.73,1.50%,"3,056,528"
463,UNP,131.33B,131.33,20.27,16.4,1.27,5.79,11.35,2.21%,10.80%,50.20%,16.80%,0.7,0.6,2.58,2.71,80.40%,42.90%,30.10%,Apr 21/b,213.58,-1.35%,"3,767,452"
464,UPS,149.96B,149.96,13.95,12.79,0.99,1.52,9.7,3.55%,15.90%,82.00%,25.20%,1.5,1.5,1.28,1.42,76.00%,13.50%,10.90%,Apr 26/b,171.04,2.18%,"3,471,703"
465,URI,18.97B,18.97,12.69,8.26,0.55,1.86,3.21,,7.70%,27.40%,11.60%,0.8,0.7,1.4,1.56,40.60%,24.30%,15.20%,Apr 27/a,269.92,-0.99%,"840,746"
466,USB,73.10B,73.1,10.61,9.3,1.02,5.39,1.65,3.74%,1.20%,14.70%,14.40%,-,-,0.74,0.74,-,94.60%,50.80%,Apr 14/b,49.21,-0.06%,"8,435,924"
467,V,403.67B,403.67,37.57,23.76,2.07,14.99,12.61,0.75%,16.30%,39.80%,21.70%,1.3,1.3,0.53,0.64,80.60%,66.70%,49.90%,Apr 26/a,199.03,0.84%,"6,938,441"
468,VFC,18.27B,18.27,15.54,13.14,0.35,1.58,5.06,4.23%,10.20%,41.10%,5.70%,1.4,1,1.27,1.44,54.70%,13.40%,12.00%,May 19/a,47.32,6.07%,"8,921,744"
469,VLO,48.46B,48.46,19.8,13.43,-,0.37,2.67,3.19%,4.40%,14.00%,5.80%,1.2,0.8,0.63,0.7,3.90%,3.20%,1.90%,Apr 26/b,122.98,-1.03%,"5,083,797"
470,VMC,20.90B,20.9,35.26,20.06,1.69,3.47,3.24,1.00%,4.60%,9.30%,7.70%,1.9,1.3,0.6,0.62,23.50%,15.10%,10.00%,May 04/b,160.03,-0.17%,"821,757"
471,VNO,6.35B,6.35,52.2,46.54,3.01,3.85,1.28,6.33%,0.70%,2.40%,1.70%,-,-,1.72,1.72,50.20%,14.80%,7.50%,May 02/a,33.51,0.27%,"1,590,303"
472,VRSK,26.28B,26.28,27.32,27.1,2.97,8.62,10.2,0.73%,12.80%,36.70%,12.90%,0.5,0.5,0.88,1.37,64.70%,45.70%,32.90%,May 03/a,168.89,0.40%,"1,036,204"
473,VRSN,18.06B,18.06,23.27,21.96,2.91,13.37,,,42.20%,-58.90%,165.10%,1.2,1.2,-,-,85.50%,65.10%,58.60%,Apr 28/a,165.56,1.29%,"1,640,622"
474,VRTX,64.56B,64.56,27.25,16.96,2.5,8.12,6.05,,18.70%,24.70%,22.50%,4.8,4.6,0.05,0.05,88.00%,36.90%,30.80%,May 05/a,258.59,1.23%,"1,545,403"
475,VTR,22.01B,22.01,149.13,181.74,-,5.59,2.05,3.18%,0.60%,1.30%,1.30%,-,-,1.13,1.13,45.50%,9.90%,3.70%,May 05/a,56.52,0.77%,"2,634,800"
476,VTRS,14.01B,14.01,86.13,3.42,-,0.79,0.7,4.07%,0.30%,0.80%,-1.50%,1.2,0.8,0.92,1.08,39.20%,5.30%,1.00%,May 09/b,11.8,0.94%,"13,772,815"
477,VZ,207.49B,207.49,9.63,8.91,2.68,1.54,2.48,5.17%,6.00%,27.10%,10.50%,0.8,0.7,1.67,1.83,57.50%,22.70%,15.90%,Apr 22/b,49.53,0.88%,"24,118,397"
478,WAB,15.73B,15.73,27.53,15.75,3.77,1.99,1.6,0.69%,3.20%,5.80%,4.90%,1.4,0.7,0.42,0.42,31.40%,11.70%,7.50%,Apr 27/b,86.96,-0.10%,"778,615"
479,WAT,18.82B,18.82,27.88,24.25,2.58,6.56,51.53,,22.80%,215.80%,37.60%,2.3,1.7,3.85,0,58.60%,29.50%,24.60%,May 03/b,318.95,-1.51%,"512,852"
480,WBA,35.06B,35.06,5.99,8.3,2.44,0.26,1.32,4.66%,6.90%,25.50%,4.60%,0.7,0.3,0.46,0.54,22.00%,3.00%,4.60%,Mar 31/b,40.96,0.86%,"7,346,821"
481,WBD,40.70B,40.7,8.8,9.34,1.19,3.24,0.88,,3.20%,9.30%,6.60%,2,2,1.14,1.2,61.20%,15.60%,8.70%,-,17.74,1.37%,"19,076,315"
482,WDC,16.91B,16.91,9.8,5.9,0.43,0.88,1.48,,7.00%,15.80%,5.70%,2.1,1.3,0.59,0.6,32.70%,13.10%,9.50%,Apr 28/a,56.81,-2.07%,"3,133,653"
483,WEC,32.26B,32.26,24.15,22.54,3.99,3.78,2.9,2.81%,3.50%,12.40%,5.60%,0.8,0.7,1.2,1.35,59.80%,20.90%,15.90%,May 02/b,103.55,0.66%,"1,751,123"
484,WELL,39.42B,39.42,308.08,61.02,23.7,7.75,2.2,2.77%,1.00%,1.90%,2.00%,-,-,0.82,0.82,41.80%,13.70%,6.40%,May 10/a,88.11,0.67%,"2,452,509"
485,WFC,154.87B,154.87,8.67,8.04,1.19,3.89,1,2.40%,1.00%,11.60%,10.50%,-,-,0.96,0.96,-,-,48.70%,Apr 14/b,41.67,-0.79%,"35,321,193"
486,WHR,9.74B,9.74,6.54,6.65,6.27,0.45,2.21,4.03%,8.30%,34.40%,18.00%,1.1,0.7,1.01,1.13,19.10%,10.20%,7.70%,Apr 25/a,173.81,1.16%,"1,272,786"
487,WM,63.17B,63.17,34.08,24.89,2.92,3.42,8.99,1.68%,6.60%,26.50%,10.80%,0.8,0.8,1.83,1.89,46.70%,15.50%,10.30%,Apr 26/b,154.5,1.13%,"2,666,432"
488,WMB,42.88B,42.88,29.39,22.62,5.76,4.07,3.82,4.80%,3.20%,13.00%,6.00%,0.7,0.7,1.84,1.99,62.90%,24.20%,13.90%,May 02/a,35.38,1.03%,"7,957,711"
489,WMT,326.87B,326.87,24.44,16.39,2.57,0.57,3.97,1.88%,5.70%,16.90%,14.30%,0.9,0.3,0.47,0.51,25.10%,4.00%,2.40%,May 17/b,119.2,0.11%,"16,409,543"
490,WRB,17.37B,17.37,13.41,14.18,1.49,1.7,2.68,0.52%,4.40%,20.70%,11.60%,-,-,0.41,0.41,-,18.00%,13.50%,Apr 25/a,66.48,0.29%,"4,020,326"
491,WRK,11.56B,11.56,14.89,7.93,0.75,0.57,1,2.26%,2.70%,6.90%,5.20%,1.5,1,0.69,0.72,18.40%,5.70%,3.90%,May 05/b,44.16,-1.63%,"2,474,470"
492,WST,21.62B,21.62,33.59,29.23,3.23,7.5,9.62,0.24%,21.60%,30.80%,24.80%,2.9,2.2,0.09,0.11,41.30%,26.50%,23.80%,Apr 28/b,300.68,-0.51%,"372,159"
493,WTW,21.65B,21.65,14.75,12.69,-,2.42,2.13,1.65%,-,-,11.40%,1.1,1.1,0.36,0.42,-,-,-,Apr 28/b,198.48,-0.91%,"874,784"
494,WY,27.66B,27.66,10.47,21.37,2.09,2.56,2.75,1.91%,15.30%,25.80%,18.50%,2.8,2.2,0.49,0,41.50%,34.70%,25.00%,Apr 29/b,37.63,-0.61%,"5,924,027"
495,WYNN,6.46B,6.46,,34.81,-,1.62,,,-5.20%,524.50%,-3.40%,2.3,2.2,-,-,33.60%,-7.90%,-16.50%,May 10/a,63.07,0.43%,"2,412,740"
496,XEL,39.91B,39.91,24.87,21.86,3.51,2.93,2.57,2.63%,2.80%,10.50%,5.80%,0.8,0.7,1.37,1.49,88.80%,16.10%,11.80%,Apr 28/b,74.22,-1.05%,"4,557,058"
497,XOM,375.82B,375.82,15.25,10.54,0.81,1.22,2.32,3.83%,7.50%,15.70%,7.20%,1.1,0.8,0.25,0.28,30.50%,8.80%,8.40%,Apr 29/b,91.86,0.79%,"28,694,164"
498,XRAY,8.05B,8.05,22.46,13.73,0.9,1.92,1.63,1.32%,4.50%,8.30%,6.90%,1.5,1.1,0.38,0.42,54.80%,14.70%,10.00%,May 10/b,37.75,1.15%,"1,618,060"
499,XYL,14.52B,14.52,35.11,25.31,1.87,2.79,4.6,1.47%,5.00%,13.50%,8.90%,1.6,1.2,0.59,0.76,37.50%,10.90%,8.10%,May 04/b,81.69,-0.32%,"851,602"
500,YUM,31.26B,31.26,20.32,20.68,2.09,4.7,,2.04%,27.60%,-20.20%,71.00%,1,1,-,-,48.00%,31.70%,24.80%,May 04/b,111.92,1.77%,"1,767,228"
501,ZBH,24.23B,24.23,81.84,16.52,11.69,3.17,2.05,0.82%,0.90%,1.70%,3.20%,1.7,0.9,0.44,0.52,69.60%,7.20%,2.80%,May 03/b,117.61,0.60%,"841,591"
502,ZBRA,16.06B,16.06,21.49,14.74,2.15,2.81,5.94,,13.70%,28.80%,21.30%,0.9,0.6,0.31,0.38,45.70%,16.10%,14.30%,May 03/b,325.37,0.39%,"562,171"
503,ZION,7.86B,7.86,8.46,8.17,-,3.48,1.34,2.92%,1.10%,14.00%,27.00%,-,-,0.12,0.12,-,-,43.10%,Apr 25/a,51.99,-0.13%,"1,498,492"
504,ZTS,75.46B,75.46,37.3,28.07,3.38,9.56,16.49,0.80%,14.90%,45.50%,18.30%,2.3,1.6,1.12,1.41,70.80%,32.00%,26.30%,May 05/b,162.56,2.48%,"2,459,848"
